"","time","variable","I","group"
"1",0,"I_i",0.00263333333333333,"Coverage_50_seq"
"2",1,"I_i",0.00259076572962962,"Coverage_50_seq"
"3",2,"I_i",0.00254795251605847,"Coverage_50_seq"
"4",3,"I_i",0.00250493367425308,"Coverage_50_seq"
"5",4,"I_i",0.00246174362785612,"Coverage_50_seq"
"6",5,"I_i",0.00241842750526626,"Coverage_50_seq"
"7",6,"I_i",0.00237502115863197,"Coverage_50_seq"
"8",7,"I_i",0.00233156129513945,"Coverage_50_seq"
"9",8,"I_i",0.00228808375872265,"Coverage_50_seq"
"10",9,"I_i",0.00224462345219654,"Coverage_50_seq"
"11",10,"I_i",0.00220121432649482,"Coverage_50_seq"
"12",11,"I_i",0.00215788935435538,"Coverage_50_seq"
"13",12,"I_i",0.00211468056808492,"Coverage_50_seq"
"14",13,"I_i",0.0020716188377362,"Coverage_50_seq"
"15",14,"I_i",0.00202873408254956,"Coverage_50_seq"
"16",15,"I_i",0.00198605516695266,"Coverage_50_seq"
"17",16,"I_i",0.0019436098775094,"Coverage_50_seq"
"18",17,"I_i",0.0019014248951849,"Coverage_50_seq"
"19",18,"I_i",0.0018595258618644,"Coverage_50_seq"
"20",19,"I_i",0.00181793732711595,"Coverage_50_seq"
"21",20,"I_i",0.00177668273074937,"Coverage_50_seq"
"22",21,"I_i",0.00173578448589078,"Coverage_50_seq"
"23",22,"I_i",0.00169526375956251,"Coverage_50_seq"
"24",23,"I_i",0.00165514072693551,"Coverage_50_seq"
"25",24,"I_i",0.00161543448005005,"Coverage_50_seq"
"26",25,"I_i",0.00157616302495948,"Coverage_50_seq"
"27",26,"I_i",0.00153734330317937,"Coverage_50_seq"
"28",27,"I_i",0.00149899120178783,"Coverage_50_seq"
"29",28,"I_i",0.00146112156633168,"Coverage_50_seq"
"30",29,"I_i",0.00142374821545242,"Coverage_50_seq"
"31",30,"I_i",0.00138688395681356,"Coverage_50_seq"
"32",31,"I_i",0.00135054060385557,"Coverage_50_seq"
"33",32,"I_i",0.00131472899598525,"Coverage_50_seq"
"34",33,"I_i",0.00127945901689763,"Coverage_50_seq"
"35",34,"I_i",0.00124473961511739,"Coverage_50_seq"
"36",35,"I_i",0.00121057882638994,"Coverage_50_seq"
"37",36,"I_i",0.00117698379597113,"Coverage_50_seq"
"38",37,"I_i",0.00114396080208157,"Coverage_50_seq"
"39",38,"I_i",0.00111151527970524,"Coverage_50_seq"
"40",39,"I_i",0.00107965184449834,"Coverage_50_seq"
"41",40,"I_i",0.00104837431876653,"Coverage_50_seq"
"42",41,"I_i",0.00101768575654922,"Coverage_50_seq"
"43",42,"I_i",0.000987588449890292,"Coverage_50_seq"
"44",43,"I_i",0.000958084005290575,"Coverage_50_seq"
"45",44,"I_i",0.000929173337965274,"Coverage_50_seq"
"46",45,"I_i",0.000900856687849382,"Coverage_50_seq"
"47",46,"I_i",0.000873133657542938,"Coverage_50_seq"
"48",47,"I_i",0.000846003238342203,"Coverage_50_seq"
"49",48,"I_i",0.000819463836406297,"Coverage_50_seq"
"50",49,"I_i",0.000793513298902318,"Coverage_50_seq"
"51",50,"I_i",0.000768148939952775,"Coverage_50_seq"
"52",51,"I_i",0.000743367566354787,"Coverage_50_seq"
"53",52,"I_i",0.00071916550302706,"Coverage_50_seq"
"54",53,"I_i",0.000695538618142524,"Coverage_50_seq"
"55",54,"I_i",0.000672482347908302,"Coverage_50_seq"
"56",55,"I_i",0.000649991720957807,"Coverage_50_seq"
"57",56,"I_i",0.000628061382322744,"Coverage_50_seq"
"58",57,"I_i",0.000606685616955759,"Coverage_50_seq"
"59",58,"I_i",0.000585858372777306,"Coverage_50_seq"
"60",59,"I_i",0.000565573283223018,"Coverage_50_seq"
"61",60,"I_i",0.000545823689270547,"Coverage_50_seq"
"62",61,"I_i",0.000526602660927305,"Coverage_50_seq"
"63",62,"I_i",0.00050790301816298,"Coverage_50_seq"
"64",63,"I_i",0.000489717351273025,"Coverage_50_seq"
"65",64,"I_i",0.000472038040661454,"Coverage_50_seq"
"66",65,"I_i",0.000454857276033433,"Coverage_50_seq"
"67",66,"I_i",0.000438167085455536,"Coverage_50_seq"
"68",67,"I_i",0.000421959318419973,"Coverage_50_seq"
"69",68,"I_i",0.000406225703147582,"Coverage_50_seq"
"70",69,"I_i",0.000390957847779657,"Coverage_50_seq"
"71",70,"I_i",0.000376147255368663,"Coverage_50_seq"
"72",71,"I_i",0.000361785338686422,"Coverage_50_seq"
"73",72,"I_i",0.000347863440496156,"Coverage_50_seq"
"74",73,"I_i",0.000334372844662233,"Coverage_50_seq"
"75",74,"I_i",0.000321304788576476,"Coverage_50_seq"
"76",75,"I_i",0.000308650479524062,"Coverage_50_seq"
"77",76,"I_i",0.000296401100651395,"Coverage_50_seq"
"78",77,"I_i",0.000284547830371836,"Coverage_50_seq"
"79",78,"I_i",0.000273081850904437,"Coverage_50_seq"
"80",79,"I_i",0.000261994359292114,"Coverage_50_seq"
"81",80,"I_i",0.000251276578328526,"Coverage_50_seq"
"82",81,"I_i",0.00024091976416081,"Coverage_50_seq"
"83",82,"I_i",0.000230915217168917,"Coverage_50_seq"
"84",83,"I_i",0.000221254290914533,"Coverage_50_seq"
"85",84,"I_i",0.000211928396127108,"Coverage_50_seq"
"86",85,"I_i",0.000202929020659745,"Coverage_50_seq"
"87",86,"I_i",0.000194247722476441,"Coverage_50_seq"
"88",87,"I_i",0.000185876142024628,"Coverage_50_seq"
"89",88,"I_i",0.000177806009592431,"Coverage_50_seq"
"90",89,"I_i",0.000170029152511321,"Coverage_50_seq"
"91",90,"I_i",0.000162559490277826,"Coverage_50_seq"
"92",91,"I_i",0.000205686489559585,"Coverage_50_seq"
"93",92,"I_i",0.00024894886005373,"Coverage_50_seq"
"94",93,"I_i",0.000293099443769215,"Coverage_50_seq"
"95",94,"I_i",0.000339008515123894,"Coverage_50_seq"
"96",95,"I_i",0.000387392619934803,"Coverage_50_seq"
"97",96,"I_i",0.000438954278303719,"Coverage_50_seq"
"98",97,"I_i",0.000494379501085461,"Coverage_50_seq"
"99",98,"I_i",0.00055434548869951,"Coverage_50_seq"
"100",99,"I_i",0.000619534214144067,"Coverage_50_seq"
"101",100,"I_i",0.000690639634703901,"Coverage_50_seq"
"102",101,"I_i",0.000768378857722127,"Coverage_50_seq"
"103",102,"I_i",0.000853498509702464,"Coverage_50_seq"
"104",103,"I_i",0.000946779487031071,"Coverage_50_seq"
"105",104,"I_i",0.00104904157530176,"Coverage_50_seq"
"106",105,"I_i",0.00116114705110992,"Coverage_50_seq"
"107",106,"I_i",0.00128400347862886,"Coverage_50_seq"
"108",107,"I_i",0.00141856484152852,"Coverage_50_seq"
"109",108,"I_i",0.0015658315101447,"Coverage_50_seq"
"110",109,"I_i",0.00172684878257012,"Coverage_50_seq"
"111",110,"I_i",0.00190270370859456,"Coverage_50_seq"
"112",111,"I_i",0.0020945200039019,"Coverage_50_seq"
"113",112,"I_i",0.00230345077108269,"Coverage_50_seq"
"114",113,"I_i",0.00253066872402528,"Coverage_50_seq"
"115",114,"I_i",0.00277735403345549,"Coverage_50_seq"
"116",115,"I_i",0.00304467642715089,"Coverage_50_seq"
"117",116,"I_i",0.00333377911117486,"Coverage_50_seq"
"118",117,"I_i",0.00364575417888409,"Coverage_50_seq"
"119",118,"I_i",0.00398161656183327,"Coverage_50_seq"
"120",119,"I_i",0.00434227255804024,"Coverage_50_seq"
"121",120,"I_i",0.00472848526775203,"Coverage_50_seq"
"122",121,"I_i",0.00514083584536658,"Coverage_50_seq"
"123",122,"I_i",0.00557968132203717,"Coverage_50_seq"
"124",123,"I_i",0.00604510964709936,"Coverage_50_seq"
"125",124,"I_i",0.00653689289424653,"Coverage_50_seq"
"126",125,"I_i",0.0070544399272211,"Coverage_50_seq"
"127",126,"I_i",0.00759673734272316,"Coverage_50_seq"
"128",127,"I_i",0.00816237100581422,"Coverage_50_seq"
"129",128,"I_i",0.00874938897812408,"Coverage_50_seq"
"130",129,"I_i",0.00935530521448919,"Coverage_50_seq"
"131",130,"I_i",0.00997711908523394,"Coverage_50_seq"
"132",131,"I_i",0.0106112850468853,"Coverage_50_seq"
"133",132,"I_i",0.0112537179031125,"Coverage_50_seq"
"134",133,"I_i",0.0118998247331181,"Coverage_50_seq"
"135",134,"I_i",0.0125445515995392,"Coverage_50_seq"
"136",135,"I_i",0.0131824504563922,"Coverage_50_seq"
"137",136,"I_i",0.0138077656567506,"Coverage_50_seq"
"138",137,"I_i",0.0144145383822895,"Coverage_50_seq"
"139",138,"I_i",0.0149967263144341,"Coverage_50_seq"
"140",139,"I_i",0.0155483346489783,"Coverage_50_seq"
"141",140,"I_i",0.016063553587307,"Coverage_50_seq"
"142",141,"I_i",0.0165368967318492,"Coverage_50_seq"
"143",142,"I_i",0.0169633344467727,"Coverage_50_seq"
"144",143,"I_i",0.0173384162849045,"Coverage_50_seq"
"145",144,"I_i",0.0176583770381806,"Coverage_50_seq"
"146",145,"I_i",0.0179202218127465,"Coverage_50_seq"
"147",146,"I_i",0.0181217865771426,"Coverage_50_seq"
"148",147,"I_i",0.018261772931089,"Coverage_50_seq"
"149",148,"I_i",0.0183397540524243,"Coverage_50_seq"
"150",149,"I_i",0.0183561574527741,"Coverage_50_seq"
"151",150,"I_i",0.0183122203974867,"Coverage_50_seq"
"152",151,"I_i",0.0182099259265733,"Coverage_50_seq"
"153",152,"I_i",0.0180519227369843,"Coverage_50_seq"
"154",153,"I_i",0.017841432087198,"Coverage_50_seq"
"155",154,"I_i",0.0175821468711367,"Coverage_50_seq"
"156",155,"I_i",0.0172781272896675,"Coverage_50_seq"
"157",156,"I_i",0.0169336971665015,"Coverage_50_seq"
"158",157,"I_i",0.0165533442877109,"Coverage_50_seq"
"159",158,"I_i",0.0161416275980653,"Coverage_50_seq"
"160",159,"I_i",0.0157030933405858,"Coverage_50_seq"
"161",160,"I_i",0.0152422015415183,"Coverage_50_seq"
"162",161,"I_i",0.0147632636111597,"Coverage_50_seq"
"163",162,"I_i",0.0142703912688807,"Coverage_50_seq"
"164",163,"I_i",0.013767456540848,"Coverage_50_seq"
"165",164,"I_i",0.0132580622193209,"Coverage_50_seq"
"166",165,"I_i",0.0127455219119557,"Coverage_50_seq"
"167",166,"I_i",0.0122328486406385,"Coverage_50_seq"
"168",167,"I_i",0.0117227508592884,"Coverage_50_seq"
"169",168,"I_i",0.0112176347353009,"Coverage_50_seq"
"170",169,"I_i",0.0107196115656357,"Coverage_50_seq"
"171",170,"I_i",0.0102305093393759,"Coverage_50_seq"
"172",171,"I_i",0.00975188693558709,"Coverage_50_seq"
"173",172,"I_i",0.00928505185128849,"Coverage_50_seq"
"174",173,"I_i",0.00883107749344436,"Coverage_50_seq"
"175",174,"I_i",0.00839082232581685,"Coverage_50_seq"
"176",175,"I_i",0.00796494979584633,"Coverage_50_seq"
"177",176,"I_i",0.00755394733764574,"Coverage_50_seq"
"178",177,"I_i",0.00715814507297922,"Coverage_50_seq"
"179",178,"I_i",0.00677773380085772,"Coverage_50_seq"
"180",179,"I_i",0.00641278202843217,"Coverage_50_seq"
"181",180,"I_i",0.00606326491149094,"Coverage_50_seq"
"182",181,"I_i",0.00573661783873612,"Coverage_50_seq"
"183",182,"I_i",0.00543771241374347,"Coverage_50_seq"
"184",183,"I_i",0.00516316427056833,"Coverage_50_seq"
"185",184,"I_i",0.00491003799726073,"Coverage_50_seq"
"186",185,"I_i",0.00467576049913914,"Coverage_50_seq"
"187",186,"I_i",0.00445812681847171,"Coverage_50_seq"
"188",187,"I_i",0.00425521857846727,"Coverage_50_seq"
"189",188,"I_i",0.00406536271233523,"Coverage_50_seq"
"190",189,"I_i",0.00388711590117048,"Coverage_50_seq"
"191",190,"I_i",0.00371923155909611,"Coverage_50_seq"
"192",191,"I_i",0.00356063328489989,"Coverage_50_seq"
"193",192,"I_i",0.00341039258598257,"Coverage_50_seq"
"194",193,"I_i",0.00326770891618051,"Coverage_50_seq"
"195",194,"I_i",0.0031318922150445,"Coverage_50_seq"
"196",195,"I_i",0.00300234761731898,"Coverage_50_seq"
"197",196,"I_i",0.00287856208023852,"Coverage_50_seq"
"198",197,"I_i",0.00276009272038204,"Coverage_50_seq"
"199",198,"I_i",0.00264655666358309,"Coverage_50_seq"
"200",199,"I_i",0.00253762223258719,"Coverage_50_seq"
"201",200,"I_i",0.00243300131511988,"Coverage_50_seq"
"202",201,"I_i",0.00233244277126842,"Coverage_50_seq"
"203",202,"I_i",0.0022357267539982,"Coverage_50_seq"
"204",203,"I_i",0.00214265983016043,"Coverage_50_seq"
"205",204,"I_i",0.00205307080163817,"Coverage_50_seq"
"206",205,"I_i",0.0019668071374119,"Coverage_50_seq"
"207",206,"I_i",0.00188373193739197,"Coverage_50_seq"
"208",207,"I_i",0.00180372135794774,"Coverage_50_seq"
"209",208,"I_i",0.00172666243723921,"Coverage_50_seq"
"210",209,"I_i",0.00165245126580213,"Coverage_50_seq"
"211",210,"I_i",0.00158099145441983,"Coverage_50_seq"
"212",211,"I_i",0.00151219285720212,"Coverage_50_seq"
"213",212,"I_i",0.00144597051304328,"Coverage_50_seq"
"214",213,"I_i",0.00138224377330644,"Coverage_50_seq"
"215",214,"I_i",0.00132093558607394,"Coverage_50_seq"
"216",215,"I_i",0.00126197196376375,"Coverage_50_seq"
"217",216,"I_i",0.00120528139940341,"Coverage_50_seq"
"218",217,"I_i",0.00115079453603948,"Coverage_50_seq"
"219",218,"I_i",0.00109844396573977,"Coverage_50_seq"
"220",219,"I_i",0.00104816393779566,"Coverage_50_seq"
"221",220,"I_i",0.000999890176221097,"Coverage_50_seq"
"222",221,"I_i",0.000953559755508866,"Coverage_50_seq"
"223",222,"I_i",0.000909111006893129,"Coverage_50_seq"
"224",223,"I_i",0.000866483402694169,"Coverage_50_seq"
"225",224,"I_i",0.000825617667817491,"Coverage_50_seq"
"226",225,"I_i",0.000786455612821181,"Coverage_50_seq"
"227",226,"I_i",0.000748940110592101,"Coverage_50_seq"
"228",227,"I_i",0.000713015169963956,"Coverage_50_seq"
"229",228,"I_i",0.000678625937555863,"Coverage_50_seq"
"230",229,"I_i",0.000645718656420772,"Coverage_50_seq"
"231",230,"I_i",0.000614240693854039,"Coverage_50_seq"
"232",231,"I_i",0.000584140589216531,"Coverage_50_seq"
"233",232,"I_i",0.000555368001272254,"Coverage_50_seq"
"234",233,"I_i",0.000527873864849789,"Coverage_50_seq"
"235",234,"I_i",0.000501610288485466,"Coverage_50_seq"
"236",235,"I_i",0.000476530550210065,"Coverage_50_seq"
"237",236,"I_i",0.0004525891561058,"Coverage_50_seq"
"238",237,"I_i",0.000429741836011767,"Coverage_50_seq"
"239",238,"I_i",0.000407945544561845,"Coverage_50_seq"
"240",239,"I_i",0.000387158463032007,"Coverage_50_seq"
"241",240,"I_i",0.000367339997427298,"Coverage_50_seq"
"242",241,"I_i",0.00034845077411451,"Coverage_50_seq"
"243",242,"I_i",0.000330452632925657,"Coverage_50_seq"
"244",243,"I_i",0.000313308617825329,"Coverage_50_seq"
"245",244,"I_i",0.000296982965313269,"Coverage_50_seq"
"246",245,"I_i",0.000281441090721082,"Coverage_50_seq"
"247",246,"I_i",0.000266649572576003,"Coverage_50_seq"
"248",247,"I_i",0.000252576135582535,"Coverage_50_seq"
"249",248,"I_i",0.000239189630748102,"Coverage_50_seq"
"250",249,"I_i",0.000226460015304129,"Coverage_50_seq"
"251",250,"I_i",0.000214358331805349,"Coverage_50_seq"
"252",251,"I_i",0.0002028566849504,"Coverage_50_seq"
"253",252,"I_i",0.000191928217941564,"Coverage_50_seq"
"254",253,"I_i",0.000181547088128416,"Coverage_50_seq"
"255",254,"I_i",0.000171688442011052,"Coverage_50_seq"
"256",255,"I_i",0.000162328390391099,"Coverage_50_seq"
"257",256,"I_i",0.000153443982032441,"Coverage_50_seq"
"258",257,"I_i",0.000145013177045659,"Coverage_50_seq"
"259",258,"I_i",0.000137014838644836,"Coverage_50_seq"
"260",259,"I_i",0.000129428671111196,"Coverage_50_seq"
"261",260,"I_i",0.000122235199411596,"Coverage_50_seq"
"262",261,"I_i",0.000115415767061691,"Coverage_50_seq"
"263",262,"I_i",0.000108952468299294,"Coverage_50_seq"
"264",263,"I_i",0.000102828213893892,"Coverage_50_seq"
"265",264,"I_i",9.70266330424284e-05,"Coverage_50_seq"
"266",265,"I_i",9.15320380813781e-05,"Coverage_50_seq"
"267",266,"I_i",8.63294263849422e-05,"Coverage_50_seq"
"268",267,"I_i",8.14044533803076e-05,"Coverage_50_seq"
"269",268,"I_i",7.6743407165393e-05,"Coverage_50_seq"
"270",269,"I_i",7.23331852132814e-05,"Coverage_50_seq"
"271",270,"I_i",6.81612872473395e-05,"Coverage_50_seq"
"272",271,"I_i",6.42428784937608e-05,"Coverage_50_seq"
"273",272,"I_i",6.05861208261866e-05,"Coverage_50_seq"
"274",273,"I_i",5.71695936332642e-05,"Coverage_50_seq"
"275",274,"I_i",5.39731743235096e-05,"Coverage_50_seq"
"276",275,"I_i",5.098212623168e-05,"Coverage_50_seq"
"277",276,"I_i",4.8177410021103e-05,"Coverage_50_seq"
"278",277,"I_i",4.55493367494414e-05,"Coverage_50_seq"
"279",278,"I_i",4.30816299354218e-05,"Coverage_50_seq"
"280",279,"I_i",4.07623534965842e-05,"Coverage_50_seq"
"281",280,"I_i",3.8583075923067e-05,"Coverage_50_seq"
"282",281,"I_i",3.65310856320852e-05,"Coverage_50_seq"
"283",282,"I_i",3.45996063510369e-05,"Coverage_50_seq"
"284",283,"I_i",3.27787130955535e-05,"Coverage_50_seq"
"285",284,"I_i",3.1063296298606e-05,"Coverage_50_seq"
"286",285,"I_i",2.94447214083502e-05,"Coverage_50_seq"
"287",286,"I_i",2.79169755436447e-05,"Coverage_50_seq"
"288",287,"I_i",2.64742237720806e-05,"Coverage_50_seq"
"289",288,"I_i",2.51110777496813e-05,"Coverage_50_seq"
"290",289,"I_i",2.38225655722577e-05,"Coverage_50_seq"
"291",290,"I_i",2.26037699294357e-05,"Coverage_50_seq"
"292",291,"I_i",2.14513413152619e-05,"Coverage_50_seq"
"293",292,"I_i",2.03601592545079e-05,"Coverage_50_seq"
"294",293,"I_i",1.93274303239538e-05,"Coverage_50_seq"
"295",294,"I_i",1.8349019892251e-05,"Coverage_50_seq"
"296",295,"I_i",1.7422762976324e-05,"Coverage_50_seq"
"297",296,"I_i",1.65449701167845e-05,"Coverage_50_seq"
"298",297,"I_i",1.57128159008429e-05,"Coverage_50_seq"
"299",298,"I_i",1.49242717873566e-05,"Coverage_50_seq"
"300",299,"I_i",1.41762075276934e-05,"Coverage_50_seq"
"301",300,"I_i",1.34668984893212e-05,"Coverage_50_seq"
"302",301,"I_i",1.2793777900556e-05,"Coverage_50_seq"
"303",302,"I_i",1.21554908409084e-05,"Coverage_50_seq"
"304",303,"I_i",1.15497192151006e-05,"Coverage_50_seq"
"305",304,"I_i",1.09746673269646e-05,"Coverage_50_seq"
"306",305,"I_i",1.0429040592318e-05,"Coverage_50_seq"
"307",306,"I_i",9.91082975933964e-06,"Coverage_50_seq"
"308",307,"I_i",9.41881571670674e-06,"Coverage_50_seq"
"309",308,"I_i",8.95161983523429e-06,"Coverage_50_seq"
"310",309,"I_i",8.50794273338424e-06,"Coverage_50_seq"
"311",310,"I_i",8.08655891914874e-06,"Coverage_50_seq"
"312",311,"I_i",7.68631168154079e-06,"Coverage_50_seq"
"313",312,"I_i",7.30610866631911e-06,"Coverage_50_seq"
"314",313,"I_i",6.94491779783923e-06,"Coverage_50_seq"
"315",314,"I_i",6.60176351183891e-06,"Coverage_50_seq"
"316",315,"I_i",6.27572327117235e-06,"Coverage_50_seq"
"317",316,"I_i",5.96592433874244e-06,"Coverage_50_seq"
"318",317,"I_i",5.67154078456123e-06,"Coverage_50_seq"
"319",318,"I_i",5.39179070626866e-06,"Coverage_50_seq"
"320",319,"I_i",5.12593364456519e-06,"Coverage_50_seq"
"321",320,"I_i",4.8732681769016e-06,"Coverage_50_seq"
"322",321,"I_i",4.63312967444493e-06,"Coverage_50_seq"
"323",322,"I_i",4.40488820883004e-06,"Coverage_50_seq"
"324",323,"I_i",4.18794659653149e-06,"Coverage_50_seq"
"325",324,"I_i",3.98173856987095e-06,"Coverage_50_seq"
"326",325,"I_i",3.78572706472694e-06,"Coverage_50_seq"
"327",326,"I_i",3.5994026159516e-06,"Coverage_50_seq"
"328",327,"I_i",3.42228185233699e-06,"Coverage_50_seq"
"329",328,"I_i",3.25390608372151e-06,"Coverage_50_seq"
"330",329,"I_i",3.0938399734967e-06,"Coverage_50_seq"
"331",330,"I_i",2.9416702903743e-06,"Coverage_50_seq"
"332",331,"I_i",2.79700473381115e-06,"Coverage_50_seq"
"333",332,"I_i",2.65947082797195e-06,"Coverage_50_seq"
"334",333,"I_i",2.52871487954388e-06,"Coverage_50_seq"
"335",334,"I_i",2.4044009951074e-06,"Coverage_50_seq"
"336",335,"I_i",2.28621015411924e-06,"Coverage_50_seq"
"337",336,"I_i",2.17383933388125e-06,"Coverage_50_seq"
"338",337,"I_i",2.06700068315525e-06,"Coverage_50_seq"
"339",338,"I_i",1.96542074134412e-06,"Coverage_50_seq"
"340",339,"I_i",1.86883970039401e-06,"Coverage_50_seq"
"341",340,"I_i",1.77701070678656e-06,"Coverage_50_seq"
"342",341,"I_i",1.68969920118373e-06,"Coverage_50_seq"
"343",342,"I_i",1.60668229346464e-06,"Coverage_50_seq"
"344",343,"I_i",1.52774817105499e-06,"Coverage_50_seq"
"345",344,"I_i",1.45269553859631e-06,"Coverage_50_seq"
"346",345,"I_i",1.38133308713753e-06,"Coverage_50_seq"
"347",346,"I_i",1.31347899115367e-06,"Coverage_50_seq"
"348",347,"I_i",1.24896043181041e-06,"Coverage_50_seq"
"349",348,"I_i",1.18761314499644e-06,"Coverage_50_seq"
"350",349,"I_i",1.12928099274152e-06,"Coverage_50_seq"
"351",350,"I_i",1.07381555672613e-06,"Coverage_50_seq"
"352",351,"I_i",1.02107575266986e-06,"Coverage_50_seq"
"353",352,"I_i",9.70927464460989e-07,"Coverage_50_seq"
"354",353,"I_i",9.23243196959039e-07,"Coverage_50_seq"
"355",354,"I_i",8.77901746466906e-07,"Coverage_50_seq"
"356",355,"I_i",8.34787887928692e-07,"Coverage_50_seq"
"357",356,"I_i",7.93792077965215e-07,"Coverage_50_seq"
"358",357,"I_i",7.54810172910855e-07,"Coverage_50_seq"
"359",358,"I_i",7.17743161063626e-07,"Coverage_50_seq"
"360",359,"I_i",6.82496908405387e-07,"Coverage_50_seq"
"361",360,"I_i",6.48981917091074e-07,"Coverage_50_seq"
"362",361,"I_i",6.1711309604516e-07,"Coverage_50_seq"
"363",362,"I_i",5.86809543040276e-07,"Coverage_50_seq"
"364",363,"I_i",5.57994337667363e-07,"Coverage_50_seq"
"365",364,"I_i",5.30594344639038e-07,"Coverage_50_seq"
"366",365,"I_i",5.04540026898102e-07,"Coverage_50_seq"
"367",0,"vac_total_i",0,"Coverage_50_seq"
"368",1,"vac_total_i",0.00185185185185185,"Coverage_50_seq"
"369",2,"vac_total_i",0.0037037037037037,"Coverage_50_seq"
"370",3,"vac_total_i",0.00555555555555555,"Coverage_50_seq"
"371",4,"vac_total_i",0.00740740740740741,"Coverage_50_seq"
"372",5,"vac_total_i",0.00925925925925926,"Coverage_50_seq"
"373",6,"vac_total_i",0.0111111111111111,"Coverage_50_seq"
"374",7,"vac_total_i",0.012962962962963,"Coverage_50_seq"
"375",8,"vac_total_i",0.0148148148148148,"Coverage_50_seq"
"376",9,"vac_total_i",0.0166666666666667,"Coverage_50_seq"
"377",10,"vac_total_i",0.0185185185185185,"Coverage_50_seq"
"378",11,"vac_total_i",0.0203703703703704,"Coverage_50_seq"
"379",12,"vac_total_i",0.0222222222222222,"Coverage_50_seq"
"380",13,"vac_total_i",0.0240740740740741,"Coverage_50_seq"
"381",14,"vac_total_i",0.0259259259259259,"Coverage_50_seq"
"382",15,"vac_total_i",0.0277777777777778,"Coverage_50_seq"
"383",16,"vac_total_i",0.0296296296296296,"Coverage_50_seq"
"384",17,"vac_total_i",0.0314814814814815,"Coverage_50_seq"
"385",18,"vac_total_i",0.0333333333333333,"Coverage_50_seq"
"386",19,"vac_total_i",0.0351851851851852,"Coverage_50_seq"
"387",20,"vac_total_i",0.037037037037037,"Coverage_50_seq"
"388",21,"vac_total_i",0.0388888888888889,"Coverage_50_seq"
"389",22,"vac_total_i",0.0407407407407407,"Coverage_50_seq"
"390",23,"vac_total_i",0.0425925925925926,"Coverage_50_seq"
"391",24,"vac_total_i",0.0444444444444444,"Coverage_50_seq"
"392",25,"vac_total_i",0.0462962962962963,"Coverage_50_seq"
"393",26,"vac_total_i",0.0481481481481481,"Coverage_50_seq"
"394",27,"vac_total_i",0.05,"Coverage_50_seq"
"395",28,"vac_total_i",0.0518518518518518,"Coverage_50_seq"
"396",29,"vac_total_i",0.0537037037037037,"Coverage_50_seq"
"397",30,"vac_total_i",0.0555555555555555,"Coverage_50_seq"
"398",31,"vac_total_i",0.0574074074074074,"Coverage_50_seq"
"399",32,"vac_total_i",0.0592592592592592,"Coverage_50_seq"
"400",33,"vac_total_i",0.0611111111111111,"Coverage_50_seq"
"401",34,"vac_total_i",0.0629629629629629,"Coverage_50_seq"
"402",35,"vac_total_i",0.0648148148148148,"Coverage_50_seq"
"403",36,"vac_total_i",0.0666666666666666,"Coverage_50_seq"
"404",37,"vac_total_i",0.0685185185185185,"Coverage_50_seq"
"405",38,"vac_total_i",0.0703703703703703,"Coverage_50_seq"
"406",39,"vac_total_i",0.0722222222222222,"Coverage_50_seq"
"407",40,"vac_total_i",0.0740740740740741,"Coverage_50_seq"
"408",41,"vac_total_i",0.0759259259259259,"Coverage_50_seq"
"409",42,"vac_total_i",0.0777777777777778,"Coverage_50_seq"
"410",43,"vac_total_i",0.0796296296296296,"Coverage_50_seq"
"411",44,"vac_total_i",0.0814814814814814,"Coverage_50_seq"
"412",45,"vac_total_i",0.0833333333333333,"Coverage_50_seq"
"413",46,"vac_total_i",0.0851851851851851,"Coverage_50_seq"
"414",47,"vac_total_i",0.087037037037037,"Coverage_50_seq"
"415",48,"vac_total_i",0.0888888888888888,"Coverage_50_seq"
"416",49,"vac_total_i",0.0907407407407407,"Coverage_50_seq"
"417",50,"vac_total_i",0.0925925925925925,"Coverage_50_seq"
"418",51,"vac_total_i",0.0944444444444444,"Coverage_50_seq"
"419",52,"vac_total_i",0.0962962962962963,"Coverage_50_seq"
"420",53,"vac_total_i",0.0981481481481481,"Coverage_50_seq"
"421",54,"vac_total_i",0.1,"Coverage_50_seq"
"422",55,"vac_total_i",0.101851851851852,"Coverage_50_seq"
"423",56,"vac_total_i",0.103703703703704,"Coverage_50_seq"
"424",57,"vac_total_i",0.105555555555556,"Coverage_50_seq"
"425",58,"vac_total_i",0.107407407407407,"Coverage_50_seq"
"426",59,"vac_total_i",0.109259259259259,"Coverage_50_seq"
"427",60,"vac_total_i",0.111111111111111,"Coverage_50_seq"
"428",61,"vac_total_i",0.112962962962963,"Coverage_50_seq"
"429",62,"vac_total_i",0.114814814814815,"Coverage_50_seq"
"430",63,"vac_total_i",0.116666666666667,"Coverage_50_seq"
"431",64,"vac_total_i",0.118518518518518,"Coverage_50_seq"
"432",65,"vac_total_i",0.12037037037037,"Coverage_50_seq"
"433",66,"vac_total_i",0.122222222222222,"Coverage_50_seq"
"434",67,"vac_total_i",0.124074074074074,"Coverage_50_seq"
"435",68,"vac_total_i",0.125925925925926,"Coverage_50_seq"
"436",69,"vac_total_i",0.127777777777778,"Coverage_50_seq"
"437",70,"vac_total_i",0.12962962962963,"Coverage_50_seq"
"438",71,"vac_total_i",0.131481481481481,"Coverage_50_seq"
"439",72,"vac_total_i",0.133333333333333,"Coverage_50_seq"
"440",73,"vac_total_i",0.135185185185185,"Coverage_50_seq"
"441",74,"vac_total_i",0.137037037037037,"Coverage_50_seq"
"442",75,"vac_total_i",0.138888888888889,"Coverage_50_seq"
"443",76,"vac_total_i",0.140740740740741,"Coverage_50_seq"
"444",77,"vac_total_i",0.142592592592593,"Coverage_50_seq"
"445",78,"vac_total_i",0.144444444444444,"Coverage_50_seq"
"446",79,"vac_total_i",0.146296296296296,"Coverage_50_seq"
"447",80,"vac_total_i",0.148148148148148,"Coverage_50_seq"
"448",81,"vac_total_i",0.15,"Coverage_50_seq"
"449",82,"vac_total_i",0.151851851851852,"Coverage_50_seq"
"450",83,"vac_total_i",0.153703703703704,"Coverage_50_seq"
"451",84,"vac_total_i",0.155555555555556,"Coverage_50_seq"
"452",85,"vac_total_i",0.157407407407407,"Coverage_50_seq"
"453",86,"vac_total_i",0.159259259259259,"Coverage_50_seq"
"454",87,"vac_total_i",0.161111111111111,"Coverage_50_seq"
"455",88,"vac_total_i",0.162962962962963,"Coverage_50_seq"
"456",89,"vac_total_i",0.164814814814815,"Coverage_50_seq"
"457",90,"vac_total_i",0.166666253267543,"Coverage_50_seq"
"458",91,"vac_total_i",0.166669128106532,"Coverage_50_seq"
"459",92,"vac_total_i",0.166669128106532,"Coverage_50_seq"
"460",93,"vac_total_i",0.166669128106532,"Coverage_50_seq"
"461",94,"vac_total_i",0.166669128106532,"Coverage_50_seq"
"462",95,"vac_total_i",0.166669128106532,"Coverage_50_seq"
"463",96,"vac_total_i",0.166669128106532,"Coverage_50_seq"
"464",97,"vac_total_i",0.166669128106532,"Coverage_50_seq"
"465",98,"vac_total_i",0.166669128106532,"Coverage_50_seq"
"466",99,"vac_total_i",0.166669128106532,"Coverage_50_seq"
"467",100,"vac_total_i",0.166669128106532,"Coverage_50_seq"
"468",101,"vac_total_i",0.166669128106532,"Coverage_50_seq"
"469",102,"vac_total_i",0.166669128106532,"Coverage_50_seq"
"470",103,"vac_total_i",0.166669128106532,"Coverage_50_seq"
"471",104,"vac_total_i",0.166669128106532,"Coverage_50_seq"
"472",105,"vac_total_i",0.166669128106532,"Coverage_50_seq"
"473",106,"vac_total_i",0.166669128106532,"Coverage_50_seq"
"474",107,"vac_total_i",0.166669128106532,"Coverage_50_seq"
"475",108,"vac_total_i",0.166669128106532,"Coverage_50_seq"
"476",109,"vac_total_i",0.166669128106532,"Coverage_50_seq"
"477",110,"vac_total_i",0.166669128106532,"Coverage_50_seq"
"478",111,"vac_total_i",0.166669128106532,"Coverage_50_seq"
"479",112,"vac_total_i",0.166669128106532,"Coverage_50_seq"
"480",113,"vac_total_i",0.166669128106532,"Coverage_50_seq"
"481",114,"vac_total_i",0.166669128106532,"Coverage_50_seq"
"482",115,"vac_total_i",0.166669128106532,"Coverage_50_seq"
"483",116,"vac_total_i",0.166669128106532,"Coverage_50_seq"
"484",117,"vac_total_i",0.166669128106532,"Coverage_50_seq"
"485",118,"vac_total_i",0.166669128106532,"Coverage_50_seq"
"486",119,"vac_total_i",0.166669128106532,"Coverage_50_seq"
"487",120,"vac_total_i",0.166669128106532,"Coverage_50_seq"
"488",121,"vac_total_i",0.166669128106532,"Coverage_50_seq"
"489",122,"vac_total_i",0.166669128106532,"Coverage_50_seq"
"490",123,"vac_total_i",0.166669128106532,"Coverage_50_seq"
"491",124,"vac_total_i",0.166669128106532,"Coverage_50_seq"
"492",125,"vac_total_i",0.166669128106532,"Coverage_50_seq"
"493",126,"vac_total_i",0.166669128106532,"Coverage_50_seq"
"494",127,"vac_total_i",0.166669128106532,"Coverage_50_seq"
"495",128,"vac_total_i",0.166669128106532,"Coverage_50_seq"
"496",129,"vac_total_i",0.166669128106532,"Coverage_50_seq"
"497",130,"vac_total_i",0.166669128106532,"Coverage_50_seq"
"498",131,"vac_total_i",0.166669128106532,"Coverage_50_seq"
"499",132,"vac_total_i",0.166669128106532,"Coverage_50_seq"
"500",133,"vac_total_i",0.166669128106532,"Coverage_50_seq"
"501",134,"vac_total_i",0.166669128106532,"Coverage_50_seq"
"502",135,"vac_total_i",0.166669128106532,"Coverage_50_seq"
"503",136,"vac_total_i",0.166669128106532,"Coverage_50_seq"
"504",137,"vac_total_i",0.166669128106532,"Coverage_50_seq"
"505",138,"vac_total_i",0.166669128106532,"Coverage_50_seq"
"506",139,"vac_total_i",0.166669128106532,"Coverage_50_seq"
"507",140,"vac_total_i",0.166669128106532,"Coverage_50_seq"
"508",141,"vac_total_i",0.166669128106532,"Coverage_50_seq"
"509",142,"vac_total_i",0.166669128106532,"Coverage_50_seq"
"510",143,"vac_total_i",0.166669128106532,"Coverage_50_seq"
"511",144,"vac_total_i",0.166669128106532,"Coverage_50_seq"
"512",145,"vac_total_i",0.166669128106532,"Coverage_50_seq"
"513",146,"vac_total_i",0.166669128106532,"Coverage_50_seq"
"514",147,"vac_total_i",0.166669128106532,"Coverage_50_seq"
"515",148,"vac_total_i",0.166669128106532,"Coverage_50_seq"
"516",149,"vac_total_i",0.166669128106532,"Coverage_50_seq"
"517",150,"vac_total_i",0.166669128106532,"Coverage_50_seq"
"518",151,"vac_total_i",0.166669128106532,"Coverage_50_seq"
"519",152,"vac_total_i",0.166669128106532,"Coverage_50_seq"
"520",153,"vac_total_i",0.166669128106532,"Coverage_50_seq"
"521",154,"vac_total_i",0.166669128106532,"Coverage_50_seq"
"522",155,"vac_total_i",0.166669128106532,"Coverage_50_seq"
"523",156,"vac_total_i",0.166669128106532,"Coverage_50_seq"
"524",157,"vac_total_i",0.166669128106532,"Coverage_50_seq"
"525",158,"vac_total_i",0.166669128106532,"Coverage_50_seq"
"526",159,"vac_total_i",0.166669128106532,"Coverage_50_seq"
"527",160,"vac_total_i",0.166669128106532,"Coverage_50_seq"
"528",161,"vac_total_i",0.166669128106532,"Coverage_50_seq"
"529",162,"vac_total_i",0.166669128106532,"Coverage_50_seq"
"530",163,"vac_total_i",0.166669128106532,"Coverage_50_seq"
"531",164,"vac_total_i",0.166669128106532,"Coverage_50_seq"
"532",165,"vac_total_i",0.166669128106532,"Coverage_50_seq"
"533",166,"vac_total_i",0.166669128106532,"Coverage_50_seq"
"534",167,"vac_total_i",0.166669128106532,"Coverage_50_seq"
"535",168,"vac_total_i",0.166669128106532,"Coverage_50_seq"
"536",169,"vac_total_i",0.166669128106532,"Coverage_50_seq"
"537",170,"vac_total_i",0.166669128106532,"Coverage_50_seq"
"538",171,"vac_total_i",0.166669128106532,"Coverage_50_seq"
"539",172,"vac_total_i",0.166669128106532,"Coverage_50_seq"
"540",173,"vac_total_i",0.166669128106532,"Coverage_50_seq"
"541",174,"vac_total_i",0.166669128106532,"Coverage_50_seq"
"542",175,"vac_total_i",0.166669128106532,"Coverage_50_seq"
"543",176,"vac_total_i",0.166669128106532,"Coverage_50_seq"
"544",177,"vac_total_i",0.166669128106532,"Coverage_50_seq"
"545",178,"vac_total_i",0.166669128106532,"Coverage_50_seq"
"546",179,"vac_total_i",0.166669128106532,"Coverage_50_seq"
"547",180,"vac_total_i",0.166669128106532,"Coverage_50_seq"
"548",181,"vac_total_i",0.166669128106532,"Coverage_50_seq"
"549",182,"vac_total_i",0.166669128106532,"Coverage_50_seq"
"550",183,"vac_total_i",0.166669128106532,"Coverage_50_seq"
"551",184,"vac_total_i",0.166669128106532,"Coverage_50_seq"
"552",185,"vac_total_i",0.166669128106532,"Coverage_50_seq"
"553",186,"vac_total_i",0.166669128106532,"Coverage_50_seq"
"554",187,"vac_total_i",0.166669128106532,"Coverage_50_seq"
"555",188,"vac_total_i",0.166669128106532,"Coverage_50_seq"
"556",189,"vac_total_i",0.166669128106532,"Coverage_50_seq"
"557",190,"vac_total_i",0.166669128106532,"Coverage_50_seq"
"558",191,"vac_total_i",0.166669128106532,"Coverage_50_seq"
"559",192,"vac_total_i",0.166669128106532,"Coverage_50_seq"
"560",193,"vac_total_i",0.166669128106532,"Coverage_50_seq"
"561",194,"vac_total_i",0.166669128106532,"Coverage_50_seq"
"562",195,"vac_total_i",0.166669128106532,"Coverage_50_seq"
"563",196,"vac_total_i",0.166669128106532,"Coverage_50_seq"
"564",197,"vac_total_i",0.166669128106532,"Coverage_50_seq"
"565",198,"vac_total_i",0.166669128106532,"Coverage_50_seq"
"566",199,"vac_total_i",0.166669128106532,"Coverage_50_seq"
"567",200,"vac_total_i",0.166669128106532,"Coverage_50_seq"
"568",201,"vac_total_i",0.166669128106532,"Coverage_50_seq"
"569",202,"vac_total_i",0.166669128106532,"Coverage_50_seq"
"570",203,"vac_total_i",0.166669128106532,"Coverage_50_seq"
"571",204,"vac_total_i",0.166669128106532,"Coverage_50_seq"
"572",205,"vac_total_i",0.166669128106532,"Coverage_50_seq"
"573",206,"vac_total_i",0.166669128106532,"Coverage_50_seq"
"574",207,"vac_total_i",0.166669128106532,"Coverage_50_seq"
"575",208,"vac_total_i",0.166669128106532,"Coverage_50_seq"
"576",209,"vac_total_i",0.166669128106532,"Coverage_50_seq"
"577",210,"vac_total_i",0.166669128106532,"Coverage_50_seq"
"578",211,"vac_total_i",0.166669128106532,"Coverage_50_seq"
"579",212,"vac_total_i",0.166669128106532,"Coverage_50_seq"
"580",213,"vac_total_i",0.166669128106532,"Coverage_50_seq"
"581",214,"vac_total_i",0.166669128106532,"Coverage_50_seq"
"582",215,"vac_total_i",0.166669128106532,"Coverage_50_seq"
"583",216,"vac_total_i",0.166669128106532,"Coverage_50_seq"
"584",217,"vac_total_i",0.166669128106532,"Coverage_50_seq"
"585",218,"vac_total_i",0.166669128106532,"Coverage_50_seq"
"586",219,"vac_total_i",0.166669128106532,"Coverage_50_seq"
"587",220,"vac_total_i",0.166669128106532,"Coverage_50_seq"
"588",221,"vac_total_i",0.166669128106532,"Coverage_50_seq"
"589",222,"vac_total_i",0.166669128106532,"Coverage_50_seq"
"590",223,"vac_total_i",0.166669128106532,"Coverage_50_seq"
"591",224,"vac_total_i",0.166669128106532,"Coverage_50_seq"
"592",225,"vac_total_i",0.166669128106532,"Coverage_50_seq"
"593",226,"vac_total_i",0.166669128106532,"Coverage_50_seq"
"594",227,"vac_total_i",0.166669128106532,"Coverage_50_seq"
"595",228,"vac_total_i",0.166669128106532,"Coverage_50_seq"
"596",229,"vac_total_i",0.166669128106532,"Coverage_50_seq"
"597",230,"vac_total_i",0.166669128106532,"Coverage_50_seq"
"598",231,"vac_total_i",0.166669128106532,"Coverage_50_seq"
"599",232,"vac_total_i",0.166669128106532,"Coverage_50_seq"
"600",233,"vac_total_i",0.166669128106532,"Coverage_50_seq"
"601",234,"vac_total_i",0.166669128106532,"Coverage_50_seq"
"602",235,"vac_total_i",0.166669128106532,"Coverage_50_seq"
"603",236,"vac_total_i",0.166669128106532,"Coverage_50_seq"
"604",237,"vac_total_i",0.166669128106532,"Coverage_50_seq"
"605",238,"vac_total_i",0.166669128106532,"Coverage_50_seq"
"606",239,"vac_total_i",0.166669128106532,"Coverage_50_seq"
"607",240,"vac_total_i",0.166669128106532,"Coverage_50_seq"
"608",241,"vac_total_i",0.166669128106532,"Coverage_50_seq"
"609",242,"vac_total_i",0.166669128106532,"Coverage_50_seq"
"610",243,"vac_total_i",0.166669128106532,"Coverage_50_seq"
"611",244,"vac_total_i",0.166669128106532,"Coverage_50_seq"
"612",245,"vac_total_i",0.166669128106532,"Coverage_50_seq"
"613",246,"vac_total_i",0.166669128106532,"Coverage_50_seq"
"614",247,"vac_total_i",0.166669128106532,"Coverage_50_seq"
"615",248,"vac_total_i",0.166669128106532,"Coverage_50_seq"
"616",249,"vac_total_i",0.166669128106532,"Coverage_50_seq"
"617",250,"vac_total_i",0.166669128106532,"Coverage_50_seq"
"618",251,"vac_total_i",0.166669128106532,"Coverage_50_seq"
"619",252,"vac_total_i",0.166669128106532,"Coverage_50_seq"
"620",253,"vac_total_i",0.166669128106532,"Coverage_50_seq"
"621",254,"vac_total_i",0.166669128106532,"Coverage_50_seq"
"622",255,"vac_total_i",0.166669128106532,"Coverage_50_seq"
"623",256,"vac_total_i",0.166669128106532,"Coverage_50_seq"
"624",257,"vac_total_i",0.166669128106532,"Coverage_50_seq"
"625",258,"vac_total_i",0.166669128106532,"Coverage_50_seq"
"626",259,"vac_total_i",0.166669128106532,"Coverage_50_seq"
"627",260,"vac_total_i",0.166669128106532,"Coverage_50_seq"
"628",261,"vac_total_i",0.166669128106532,"Coverage_50_seq"
"629",262,"vac_total_i",0.166669128106532,"Coverage_50_seq"
"630",263,"vac_total_i",0.166669128106532,"Coverage_50_seq"
"631",264,"vac_total_i",0.166669128106532,"Coverage_50_seq"
"632",265,"vac_total_i",0.166669128106532,"Coverage_50_seq"
"633",266,"vac_total_i",0.166669128106532,"Coverage_50_seq"
"634",267,"vac_total_i",0.166669128106532,"Coverage_50_seq"
"635",268,"vac_total_i",0.166669128106532,"Coverage_50_seq"
"636",269,"vac_total_i",0.166669128106532,"Coverage_50_seq"
"637",270,"vac_total_i",0.166669128106532,"Coverage_50_seq"
"638",271,"vac_total_i",0.166669128106532,"Coverage_50_seq"
"639",272,"vac_total_i",0.166669128106532,"Coverage_50_seq"
"640",273,"vac_total_i",0.166669128106532,"Coverage_50_seq"
"641",274,"vac_total_i",0.166669128106532,"Coverage_50_seq"
"642",275,"vac_total_i",0.166669128106532,"Coverage_50_seq"
"643",276,"vac_total_i",0.166669128106532,"Coverage_50_seq"
"644",277,"vac_total_i",0.166669128106532,"Coverage_50_seq"
"645",278,"vac_total_i",0.166669128106532,"Coverage_50_seq"
"646",279,"vac_total_i",0.166669128106532,"Coverage_50_seq"
"647",280,"vac_total_i",0.166669128106532,"Coverage_50_seq"
"648",281,"vac_total_i",0.166669128106532,"Coverage_50_seq"
"649",282,"vac_total_i",0.166669128106532,"Coverage_50_seq"
"650",283,"vac_total_i",0.166669128106532,"Coverage_50_seq"
"651",284,"vac_total_i",0.166669128106532,"Coverage_50_seq"
"652",285,"vac_total_i",0.166669128106532,"Coverage_50_seq"
"653",286,"vac_total_i",0.166669128106532,"Coverage_50_seq"
"654",287,"vac_total_i",0.166669128106532,"Coverage_50_seq"
"655",288,"vac_total_i",0.166669128106532,"Coverage_50_seq"
"656",289,"vac_total_i",0.166669128106532,"Coverage_50_seq"
"657",290,"vac_total_i",0.166669128106532,"Coverage_50_seq"
"658",291,"vac_total_i",0.166669128106532,"Coverage_50_seq"
"659",292,"vac_total_i",0.166669128106532,"Coverage_50_seq"
"660",293,"vac_total_i",0.166669128106532,"Coverage_50_seq"
"661",294,"vac_total_i",0.166669128106532,"Coverage_50_seq"
"662",295,"vac_total_i",0.166669128106532,"Coverage_50_seq"
"663",296,"vac_total_i",0.166669128106532,"Coverage_50_seq"
"664",297,"vac_total_i",0.166669128106532,"Coverage_50_seq"
"665",298,"vac_total_i",0.166669128106532,"Coverage_50_seq"
"666",299,"vac_total_i",0.166669128106532,"Coverage_50_seq"
"667",300,"vac_total_i",0.166669128106532,"Coverage_50_seq"
"668",301,"vac_total_i",0.166669128106532,"Coverage_50_seq"
"669",302,"vac_total_i",0.166669128106532,"Coverage_50_seq"
"670",303,"vac_total_i",0.166669128106532,"Coverage_50_seq"
"671",304,"vac_total_i",0.166669128106532,"Coverage_50_seq"
"672",305,"vac_total_i",0.166669128106532,"Coverage_50_seq"
"673",306,"vac_total_i",0.166669128106532,"Coverage_50_seq"
"674",307,"vac_total_i",0.166669128106532,"Coverage_50_seq"
"675",308,"vac_total_i",0.166669128106532,"Coverage_50_seq"
"676",309,"vac_total_i",0.166669128106532,"Coverage_50_seq"
"677",310,"vac_total_i",0.166669128106532,"Coverage_50_seq"
"678",311,"vac_total_i",0.166669128106532,"Coverage_50_seq"
"679",312,"vac_total_i",0.166669128106532,"Coverage_50_seq"
"680",313,"vac_total_i",0.166669128106532,"Coverage_50_seq"
"681",314,"vac_total_i",0.166669128106532,"Coverage_50_seq"
"682",315,"vac_total_i",0.166669128106532,"Coverage_50_seq"
"683",316,"vac_total_i",0.166669128106532,"Coverage_50_seq"
"684",317,"vac_total_i",0.166669128106532,"Coverage_50_seq"
"685",318,"vac_total_i",0.166669128106532,"Coverage_50_seq"
"686",319,"vac_total_i",0.166669128106532,"Coverage_50_seq"
"687",320,"vac_total_i",0.166669128106532,"Coverage_50_seq"
"688",321,"vac_total_i",0.166669128106532,"Coverage_50_seq"
"689",322,"vac_total_i",0.166669128106532,"Coverage_50_seq"
"690",323,"vac_total_i",0.166669128106532,"Coverage_50_seq"
"691",324,"vac_total_i",0.166669128106532,"Coverage_50_seq"
"692",325,"vac_total_i",0.166669128106532,"Coverage_50_seq"
"693",326,"vac_total_i",0.166669128106532,"Coverage_50_seq"
"694",327,"vac_total_i",0.166669128106532,"Coverage_50_seq"
"695",328,"vac_total_i",0.166669128106532,"Coverage_50_seq"
"696",329,"vac_total_i",0.166669128106532,"Coverage_50_seq"
"697",330,"vac_total_i",0.166669128106532,"Coverage_50_seq"
"698",331,"vac_total_i",0.166669128106532,"Coverage_50_seq"
"699",332,"vac_total_i",0.166669128106532,"Coverage_50_seq"
"700",333,"vac_total_i",0.166669128106532,"Coverage_50_seq"
"701",334,"vac_total_i",0.166669128106532,"Coverage_50_seq"
"702",335,"vac_total_i",0.166669128106532,"Coverage_50_seq"
"703",336,"vac_total_i",0.166669128106532,"Coverage_50_seq"
"704",337,"vac_total_i",0.166669128106532,"Coverage_50_seq"
"705",338,"vac_total_i",0.166669128106532,"Coverage_50_seq"
"706",339,"vac_total_i",0.166669128106532,"Coverage_50_seq"
"707",340,"vac_total_i",0.166669128106532,"Coverage_50_seq"
"708",341,"vac_total_i",0.166669128106532,"Coverage_50_seq"
"709",342,"vac_total_i",0.166669128106532,"Coverage_50_seq"
"710",343,"vac_total_i",0.166669128106532,"Coverage_50_seq"
"711",344,"vac_total_i",0.166669128106532,"Coverage_50_seq"
"712",345,"vac_total_i",0.166669128106532,"Coverage_50_seq"
"713",346,"vac_total_i",0.166669128106532,"Coverage_50_seq"
"714",347,"vac_total_i",0.166669128106532,"Coverage_50_seq"
"715",348,"vac_total_i",0.166669128106532,"Coverage_50_seq"
"716",349,"vac_total_i",0.166669128106532,"Coverage_50_seq"
"717",350,"vac_total_i",0.166669128106532,"Coverage_50_seq"
"718",351,"vac_total_i",0.166669128106532,"Coverage_50_seq"
"719",352,"vac_total_i",0.166669128106532,"Coverage_50_seq"
"720",353,"vac_total_i",0.166669128106532,"Coverage_50_seq"
"721",354,"vac_total_i",0.166669128106532,"Coverage_50_seq"
"722",355,"vac_total_i",0.166669128106532,"Coverage_50_seq"
"723",356,"vac_total_i",0.166669128106532,"Coverage_50_seq"
"724",357,"vac_total_i",0.166669128106532,"Coverage_50_seq"
"725",358,"vac_total_i",0.166669128106532,"Coverage_50_seq"
"726",359,"vac_total_i",0.166669128106532,"Coverage_50_seq"
"727",360,"vac_total_i",0.166669128106532,"Coverage_50_seq"
"728",361,"vac_total_i",0.166669128106532,"Coverage_50_seq"
"729",362,"vac_total_i",0.166669128106532,"Coverage_50_seq"
"730",363,"vac_total_i",0.166669128106532,"Coverage_50_seq"
"731",364,"vac_total_i",0.166669128106532,"Coverage_50_seq"
"732",365,"vac_total_i",0.166669128106532,"Coverage_50_seq"
"733",0,"Vi_i",0,"Coverage_50_seq"
"734",1,"Vi_i",7.99423950782401e-08,"Coverage_50_seq"
"735",2,"Vi_i",3.07986309609056e-07,"Coverage_50_seq"
"736",3,"Vi_i",6.61927471368343e-07,"Coverage_50_seq"
"737",4,"Vi_i",1.12443056354393e-06,"Coverage_50_seq"
"738",5,"Vi_i",1.67464183419221e-06,"Coverage_50_seq"
"739",6,"Vi_i",2.29843261286005e-06,"Coverage_50_seq"
"740",7,"Vi_i",2.98246745449751e-06,"Coverage_50_seq"
"741",8,"Vi_i",3.71491645237485e-06,"Coverage_50_seq"
"742",9,"Vi_i",4.48538252356394e-06,"Coverage_50_seq"
"743",10,"Vi_i",5.28470162692144e-06,"Coverage_50_seq"
"744",11,"Vi_i",6.10480318898542e-06,"Coverage_50_seq"
"745",12,"Vi_i",6.93852965448761e-06,"Coverage_50_seq"
"746",13,"Vi_i",7.77972325174326e-06,"Coverage_50_seq"
"747",14,"Vi_i",8.62289160710207e-06,"Coverage_50_seq"
"748",15,"Vi_i",9.46321957250006e-06,"Coverage_50_seq"
"749",16,"Vi_i",1.02965072917091e-05,"Coverage_50_seq"
"750",17,"Vi_i",1.11190996963934e-05,"Coverage_50_seq"
"751",18,"Vi_i",1.1927796318685e-05,"Coverage_50_seq"
"752",19,"Vi_i",1.27198226172502e-05,"Coverage_50_seq"
"753",20,"Vi_i",1.34927913854133e-05,"Coverage_50_seq"
"754",21,"Vi_i",1.42446324011886e-05,"Coverage_50_seq"
"755",22,"Vi_i",1.49736254573002e-05,"Coverage_50_seq"
"756",23,"Vi_i",1.56782861754265e-05,"Coverage_50_seq"
"757",24,"Vi_i",1.63573713340379e-05,"Coverage_50_seq"
"758",25,"Vi_i",1.70098584341426e-05,"Coverage_50_seq"
"759",26,"Vi_i",1.76349175764376e-05,"Coverage_50_seq"
"760",27,"Vi_i",1.82318924069743e-05,"Coverage_50_seq"
"761",28,"Vi_i",1.88002823395691e-05,"Coverage_50_seq"
"762",29,"Vi_i",1.93397265587113e-05,"Coverage_50_seq"
"763",30,"Vi_i",1.98499898029371e-05,"Coverage_50_seq"
"764",31,"Vi_i",2.03309499819788e-05,"Coverage_50_seq"
"765",32,"Vi_i",2.07825855261431e-05,"Coverage_50_seq"
"766",33,"Vi_i",2.120496611883e-05,"Coverage_50_seq"
"767",34,"Vi_i",2.15982435556608e-05,"Coverage_50_seq"
"768",35,"Vi_i",2.19626427739404e-05,"Coverage_50_seq"
"769",36,"Vi_i",2.22984544611012e-05,"Coverage_50_seq"
"770",37,"Vi_i",2.26060281468539e-05,"Coverage_50_seq"
"771",38,"Vi_i",2.2885765943245e-05,"Coverage_50_seq"
"772",39,"Vi_i",2.3138117076915e-05,"Coverage_50_seq"
"773",40,"Vi_i",2.33635723890158e-05,"Coverage_50_seq"
"774",41,"Vi_i",2.35626597045683e-05,"Coverage_50_seq"
"775",42,"Vi_i",2.3735940231084e-05,"Coverage_50_seq"
"776",43,"Vi_i",2.38840024949111e-05,"Coverage_50_seq"
"777",44,"Vi_i",2.40074601779613e-05,"Coverage_50_seq"
"778",45,"Vi_i",2.41069492063208e-05,"Coverage_50_seq"
"779",46,"Vi_i",2.41831239572063e-05,"Coverage_50_seq"
"780",47,"Vi_i",2.42366544522306e-05,"Coverage_50_seq"
"781",48,"Vi_i",2.42682237266482e-05,"Coverage_50_seq"
"782",49,"Vi_i",2.42785253748932e-05,"Coverage_50_seq"
"783",50,"Vi_i",2.42682612812834e-05,"Coverage_50_seq"
"784",51,"Vi_i",2.42381395173553e-05,"Coverage_50_seq"
"785",52,"Vi_i",2.41888723924894e-05,"Coverage_50_seq"
"786",53,"Vi_i",2.41211746462412e-05,"Coverage_50_seq"
"787",54,"Vi_i",2.40357617719488e-05,"Coverage_50_seq"
"788",55,"Vi_i",2.39333484623189e-05,"Coverage_50_seq"
"789",56,"Vi_i",2.38146471686632e-05,"Coverage_50_seq"
"790",57,"Vi_i",2.36803667663128e-05,"Coverage_50_seq"
"791",58,"Vi_i",2.35312113194702e-05,"Coverage_50_seq"
"792",59,"Vi_i",2.33678789394057e-05,"Coverage_50_seq"
"793",60,"Vi_i",2.31910607304637e-05,"Coverage_50_seq"
"794",61,"Vi_i",2.30014398188324e-05,"Coverage_50_seq"
"795",62,"Vi_i",2.27996904594547e-05,"Coverage_50_seq"
"796",63,"Vi_i",2.25864772168311e-05,"Coverage_50_seq"
"797",64,"Vi_i",2.23624542157861e-05,"Coverage_50_seq"
"798",65,"Vi_i",2.21282644585558e-05,"Coverage_50_seq"
"799",66,"Vi_i",2.18845399354906e-05,"Coverage_50_seq"
"800",67,"Vi_i",2.1631898707209e-05,"Coverage_50_seq"
"801",68,"Vi_i",2.13709470056379e-05,"Coverage_50_seq"
"802",69,"Vi_i",2.11022778007892e-05,"Coverage_50_seq"
"803",70,"Vi_i",2.08264703298454e-05,"Coverage_50_seq"
"804",71,"Vi_i",2.05440894414553e-05,"Coverage_50_seq"
"805",72,"Vi_i",2.02556862857287e-05,"Coverage_50_seq"
"806",73,"Vi_i",1.99617974259757e-05,"Coverage_50_seq"
"807",74,"Vi_i",1.96629444333793e-05,"Coverage_50_seq"
"808",75,"Vi_i",1.93596348312204e-05,"Coverage_50_seq"
"809",76,"Vi_i",1.90523589352195e-05,"Coverage_50_seq"
"810",77,"Vi_i",1.87415931980597e-05,"Coverage_50_seq"
"811",78,"Vi_i",1.84277987934272e-05,"Coverage_50_seq"
"812",79,"Vi_i",1.81114214264434e-05,"Coverage_50_seq"
"813",80,"Vi_i",1.77928910935554e-05,"Coverage_50_seq"
"814",81,"Vi_i",1.74726231526062e-05,"Coverage_50_seq"
"815",82,"Vi_i",1.71510176675027e-05,"Coverage_50_seq"
"816",83,"Vi_i",1.68284592748318e-05,"Coverage_50_seq"
"817",84,"Vi_i",1.6505318438565e-05,"Coverage_50_seq"
"818",85,"Vi_i",1.61819485121106e-05,"Coverage_50_seq"
"819",86,"Vi_i",1.58586894235748e-05,"Coverage_50_seq"
"820",87,"Vi_i",1.55358664282735e-05,"Coverage_50_seq"
"821",88,"Vi_i",1.52137900981163e-05,"Coverage_50_seq"
"822",89,"Vi_i",1.48927563630534e-05,"Coverage_50_seq"
"823",90,"Vi_i",1.45742665391126e-05,"Coverage_50_seq"
"824",91,"Vi_i",1.91727279916851e-05,"Coverage_50_seq"
"825",92,"Vi_i",2.37601283091018e-05,"Coverage_50_seq"
"826",93,"Vi_i",2.84165309142057e-05,"Coverage_50_seq"
"827",94,"Vi_i",3.32339864937586e-05,"Coverage_50_seq"
"828",95,"Vi_i",3.82884332961647e-05,"Coverage_50_seq"
"829",96,"Vi_i",4.36544347865914e-05,"Coverage_50_seq"
"830",97,"Vi_i",4.94049211959361e-05,"Coverage_50_seq"
"831",98,"Vi_i",5.56120520520496e-05,"Coverage_50_seq"
"832",99,"Vi_i",6.23487087359354e-05,"Coverage_50_seq"
"833",100,"Vi_i",6.96892856454419e-05,"Coverage_50_seq"
"834",101,"Vi_i",7.77110321750644e-05,"Coverage_50_seq"
"835",102,"Vi_i",8.64948264096452e-05,"Coverage_50_seq"
"836",103,"Vi_i",9.61257886653433e-05,"Coverage_50_seq"
"837",104,"Vi_i",0.000106693974183722,"Coverage_50_seq"
"838",105,"Vi_i",0.000118294974847019,"Coverage_50_seq"
"839",106,"Vi_i",0.000131030467263616,"Coverage_50_seq"
"840",107,"Vi_i",0.000145008641579405,"Coverage_50_seq"
"841",108,"Vi_i",0.000160344560889881,"Coverage_50_seq"
"842",109,"Vi_i",0.000177160431775526,"Coverage_50_seq"
"843",110,"Vi_i",0.000195585762834774,"Coverage_50_seq"
"844",111,"Vi_i",0.000215757397527313,"Coverage_50_seq"
"845",112,"Vi_i",0.000237819397795264,"Coverage_50_seq"
"846",113,"Vi_i",0.00026192275156482,"Coverage_50_seq"
"847",114,"Vi_i",0.00028822472833238,"Coverage_50_seq"
"848",115,"Vi_i",0.000316888871109421,"Coverage_50_seq"
"849",116,"Vi_i",0.000348082602623716,"Coverage_50_seq"
"850",117,"Vi_i",0.000381977070471906,"Coverage_50_seq"
"851",118,"Vi_i",0.000418744959013914,"Coverage_50_seq"
"852",119,"Vi_i",0.000458558620129387,"Coverage_50_seq"
"853",120,"Vi_i",0.000501587487254453,"Coverage_50_seq"
"854",121,"Vi_i",0.000547995125859503,"Coverage_50_seq"
"855",122,"Vi_i",0.00059793580541557,"Coverage_50_seq"
"856",123,"Vi_i",0.000651550588098217,"Coverage_50_seq"
"857",124,"Vi_i",0.000708962944857914,"Coverage_50_seq"
"858",125,"Vi_i",0.000770273929132631,"Coverage_50_seq"
"859",126,"Vi_i",0.000835555995514412,"Coverage_50_seq"
"860",127,"Vi_i",0.000904852373757551,"Coverage_50_seq"
"861",128,"Vi_i",0.000978164116922147,"Coverage_50_seq"
"862",129,"Vi_i",0.00105544659907635,"Coverage_50_seq"
"863",130,"Vi_i",0.00113660662775932,"Coverage_50_seq"
"864",131,"Vi_i",0.00122149575533128,"Coverage_50_seq"
"865",132,"Vi_i",0.00130990536680653,"Coverage_50_seq"
"866",133,"Vi_i",0.00140156316099943,"Coverage_50_seq"
"867",134,"Vi_i",0.00149613060722048,"Coverage_50_seq"
"868",135,"Vi_i",0.00159320178619806,"Coverage_50_seq"
"869",136,"Vi_i",0.00169230387027623,"Coverage_50_seq"
"870",137,"Vi_i",0.0017928994293151,"Coverage_50_seq"
"871",138,"Vi_i",0.0018943906874551,"Coverage_50_seq"
"872",139,"Vi_i",0.00199612577814796,"Coverage_50_seq"
"873",140,"Vi_i",0.0020974069537479,"Coverage_50_seq"
"874",141,"Vi_i",0.00219750060950887,"Coverage_50_seq"
"875",142,"Vi_i",0.00229564888464675,"Coverage_50_seq"
"876",143,"Vi_i",0.00239108251350941,"Coverage_50_seq"
"877",144,"Vi_i",0.00248303452476954,"Coverage_50_seq"
"878",145,"Vi_i",0.00257075433211957,"Coverage_50_seq"
"879",146,"Vi_i",0.00265352166652847,"Coverage_50_seq"
"880",147,"Vi_i",0.00273066030795834,"Coverage_50_seq"
"881",148,"Vi_i",0.00280154945964303,"Coverage_50_seq"
"882",149,"Vi_i",0.00286563644688696,"Coverage_50_seq"
"883",150,"Vi_i",0.00292244457626307,"Coverage_50_seq"
"884",151,"Vi_i",0.00297158017950687,"Coverage_50_seq"
"885",152,"Vi_i",0.00301273797871727,"Coverage_50_seq"
"886",153,"Vi_i",0.00304570368110672,"Coverage_50_seq"
"887",154,"Vi_i",0.00307035448113729,"Coverage_50_seq"
"888",155,"Vi_i",0.00308665750360829,"Coverage_50_seq"
"889",156,"Vi_i",0.00309466637711668,"Coverage_50_seq"
"890",157,"Vi_i",0.00309451618012904,"Coverage_50_seq"
"891",158,"Vi_i",0.00308641704041497,"Coverage_50_seq"
"892",159,"Vi_i",0.00307064668590737,"Coverage_50_seq"
"893",160,"Vi_i",0.00304754224689076,"Coverage_50_seq"
"894",161,"Vi_i",0.00301749159928385,"Coverage_50_seq"
"895",162,"Vi_i",0.002980924517124,"Coverage_50_seq"
"896",163,"Vi_i",0.00293830387351887,"Coverage_50_seq"
"897",164,"Vi_i",0.00289011709549705,"Coverage_50_seq"
"898",165,"Vi_i",0.00283686804184775,"Coverage_50_seq"
"899",166,"Vi_i",0.0027790694364428,"Coverage_50_seq"
"900",167,"Vi_i",0.0027172359542746,"Coverage_50_seq"
"901",168,"Vi_i",0.00265187802481482,"Coverage_50_seq"
"902",169,"Vi_i",0.00258349638815444,"Coverage_50_seq"
"903",170,"Vi_i",0.0025125773963232,"Coverage_50_seq"
"904",171,"Vi_i",0.00243958917432999,"Coverage_50_seq"
"905",172,"Vi_i",0.00236497823079564,"Coverage_50_seq"
"906",173,"Vi_i",0.00228916710390039,"Coverage_50_seq"
"907",174,"Vi_i",0.00221255249514092,"Coverage_50_seq"
"908",175,"Vi_i",0.00213550382722975,"Coverage_50_seq"
"909",176,"Vi_i",0.00205836251585998,"Coverage_50_seq"
"910",177,"Vi_i",0.00198144164584197,"Coverage_50_seq"
"911",178,"Vi_i",0.00190502603168302,"Coverage_50_seq"
"912",179,"Vi_i",0.00182937262208668,"Coverage_50_seq"
"913",180,"Vi_i",0.00175471230126686,"Coverage_50_seq"
"914",181,"Vi_i",0.00168390066608152,"Coverage_50_seq"
"915",182,"Vi_i",0.00161899254703037,"Coverage_50_seq"
"916",183,"Vi_i",0.00155916758309063,"Coverage_50_seq"
"917",184,"Vi_i",0.00150371661224246,"Coverage_50_seq"
"918",185,"Vi_i",0.00145202094324243,"Coverage_50_seq"
"919",186,"Vi_i",0.00140355436140088,"Coverage_50_seq"
"920",187,"Vi_i",0.00135786324042243,"Coverage_50_seq"
"921",188,"Vi_i",0.001314556539681,"Coverage_50_seq"
"922",189,"Vi_i",0.00127330205628306,"Coverage_50_seq"
"923",190,"Vi_i",0.00123381830696148,"Coverage_50_seq"
"924",191,"Vi_i",0.00119586790862975,"Coverage_50_seq"
"925",192,"Vi_i",0.00115925194814724,"Coverage_50_seq"
"926",193,"Vi_i",0.00112380488114062,"Coverage_50_seq"
"927",194,"Vi_i",0.00108939000999946,"Coverage_50_seq"
"928",195,"Vi_i",0.00105589547103635,"Coverage_50_seq"
"929",196,"Vi_i",0.00102323067828826,"Coverage_50_seq"
"930",197,"Vi_i",0.000991323180368533,"Coverage_50_seq"
"931",198,"Vi_i",0.000960115888959179,"Coverage_50_seq"
"932",199,"Vi_i",0.000929564641601504,"Coverage_50_seq"
"933",200,"Vi_i",0.000899636064827366,"Coverage_50_seq"
"934",201,"Vi_i",0.000870305706736929,"Coverage_50_seq"
"935",202,"Vi_i",0.000841556410927853,"Coverage_50_seq"
"936",203,"Vi_i",0.000813376906227957,"Coverage_50_seq"
"937",204,"Vi_i",0.000785760589011228,"Coverage_50_seq"
"938",205,"Vi_i",0.00075870447700638,"Coverage_50_seq"
"939",206,"Vi_i",0.000732208315458335,"Coverage_50_seq"
"940",207,"Vi_i",0.000706273818292741,"Coverage_50_seq"
"941",208,"Vi_i",0.000680904028576431,"Coverage_50_seq"
"942",209,"Vi_i",0.000656102784075132,"Coverage_50_seq"
"943",210,"Vi_i",0.000631874275094716,"Coverage_50_seq"
"944",211,"Vi_i",0.000608222683063483,"Coverage_50_seq"
"945",212,"Vi_i",0.000585151889479001,"Coverage_50_seq"
"946",213,"Vi_i",0.000562665245911549,"Coverage_50_seq"
"947",214,"Vi_i",0.000540765397174258,"Coverage_50_seq"
"948",215,"Vi_i",0.00051945412880629,"Coverage_50_seq"
"949",216,"Vi_i",0.000498732311141418,"Coverage_50_seq"
"950",217,"Vi_i",0.000478599837113664,"Coverage_50_seq"
"951",218,"Vi_i",0.000459055568446671,"Coverage_50_seq"
"952",219,"Vi_i",0.000440097325789513,"Coverage_50_seq"
"953",220,"Vi_i",0.000421721901496307,"Coverage_50_seq"
"954",221,"Vi_i",0.000403925085310181,"Coverage_50_seq"
"955",222,"Vi_i",0.000386701700754524,"Coverage_50_seq"
"956",223,"Vi_i",0.000370045691447448,"Coverage_50_seq"
"957",224,"Vi_i",0.000353950063691518,"Coverage_50_seq"
"958",225,"Vi_i",0.000338407032055886,"Coverage_50_seq"
"959",226,"Vi_i",0.000323408094905789,"Coverage_50_seq"
"960",227,"Vi_i",0.000308944067946624,"Coverage_50_seq"
"961",228,"Vi_i",0.000295005143089486,"Coverage_50_seq"
"962",229,"Vi_i",0.000281580980287814,"Coverage_50_seq"
"963",230,"Vi_i",0.00026866076780859,"Coverage_50_seq"
"964",231,"Vi_i",0.000256233269256827,"Coverage_50_seq"
"965",232,"Vi_i",0.00024428690678692,"Coverage_50_seq"
"966",233,"Vi_i",0.000232809779563235,"Coverage_50_seq"
"967",234,"Vi_i",0.000221789758540931,"Coverage_50_seq"
"968",235,"Vi_i",0.000211214543922687,"Coverage_50_seq"
"969",236,"Vi_i",0.000201071698155758,"Coverage_50_seq"
"970",237,"Vi_i",0.000191348697793195,"Coverage_50_seq"
"971",238,"Vi_i",0.000182032978384662,"Coverage_50_seq"
"972",239,"Vi_i",0.000173111974716717,"Coverage_50_seq"
"973",240,"Vi_i",0.000164573158334372,"Coverage_50_seq"
"974",241,"Vi_i",0.000156404071744534,"Coverage_50_seq"
"975",242,"Vi_i",0.000148592359484608,"Coverage_50_seq"
"976",243,"Vi_i",0.00014112579618681,"Coverage_50_seq"
"977",244,"Vi_i",0.000133992311746935,"Coverage_50_seq"
"978",245,"Vi_i",0.000127180013734653,"Coverage_50_seq"
"979",246,"Vi_i",0.000120677207186352,"Coverage_50_seq"
"980",247,"Vi_i",0.000114472411609458,"Coverage_50_seq"
"981",248,"Vi_i",0.000108554376809141,"Coverage_50_seq"
"982",249,"Vi_i",0.000102912095406844,"Coverage_50_seq"
"983",250,"Vi_i",9.75348129439809e-05,"Coverage_50_seq"
"984",251,"Vi_i",9.24120373339497e-05,"Coverage_50_seq"
"985",252,"Vi_i",8.75335461030397e-05,"Coverage_50_seq"
"986",253,"Vi_i",8.28893918696671e-05,"Coverage_50_seq"
"987",254,"Vi_i",7.84699065191335e-05,"Coverage_50_seq"
"988",255,"Vi_i",7.42657038252016e-05,"Coverage_50_seq"
"989",256,"Vi_i",7.02676811526122e-05,"Coverage_50_seq"
"990",257,"Vi_i",6.64670197467188e-05,"Coverage_50_seq"
"991",258,"Vi_i",6.28551900460658e-05,"Coverage_50_seq"
"992",259,"Vi_i",5.94239386771281e-05,"Coverage_50_seq"
"993",260,"Vi_i",5.61652877390053e-05,"Coverage_50_seq"
"994",261,"Vi_i",5.30715393258431e-05,"Coverage_50_seq"
"995",262,"Vi_i",5.0135257882102e-05,"Coverage_50_seq"
"996",263,"Vi_i",4.73492979464894e-05,"Coverage_50_seq"
"997",264,"Vi_i",4.47067749430617e-05,"Coverage_50_seq"
"998",265,"Vi_i",4.22010564064232e-05,"Coverage_50_seq"
"999",266,"Vi_i",3.98257648104912e-05,"Coverage_50_seq"
"1000",267,"Vi_i",3.75747715492092e-05,"Coverage_50_seq"
"1001",268,"Vi_i",3.54421904505785e-05,"Coverage_50_seq"
"1002",269,"Vi_i",3.34223715345746e-05,"Coverage_50_seq"
"1003",270,"Vi_i",3.15099020975225e-05,"Coverage_50_seq"
"1004",271,"Vi_i",2.9712208052866e-05,"Coverage_50_seq"
"1005",272,"Vi_i",2.8033428318051e-05,"Coverage_50_seq"
"1006",273,"Vi_i",2.6463900762394e-05,"Coverage_50_seq"
"1007",274,"Vi_i",2.49945454103415e-05,"Coverage_50_seq"
"1008",275,"Vi_i",2.36187105933742e-05,"Coverage_50_seq"
"1009",276,"Vi_i",2.23277995949555e-05,"Coverage_50_seq"
"1010",277,"Vi_i",2.11174358155518e-05,"Coverage_50_seq"
"1011",278,"Vi_i",1.99802647100976e-05,"Coverage_50_seq"
"1012",279,"Vi_i",1.89108882017889e-05,"Coverage_50_seq"
"1013",280,"Vi_i",1.79054918813494e-05,"Coverage_50_seq"
"1014",281,"Vi_i",1.69583219140753e-05,"Coverage_50_seq"
"1015",282,"Vi_i",1.60663085566167e-05,"Coverage_50_seq"
"1016",283,"Vi_i",1.52249537893125e-05,"Coverage_50_seq"
"1017",284,"Vi_i",1.44319403938548e-05,"Coverage_50_seq"
"1018",285,"Vi_i",1.36833508715437e-05,"Coverage_50_seq"
"1019",286,"Vi_i",1.29764539641486e-05,"Coverage_50_seq"
"1020",287,"Vi_i",1.23085978375699e-05,"Coverage_50_seq"
"1021",288,"Vi_i",1.16773318992907e-05,"Coverage_50_seq"
"1022",289,"Vi_i",1.10803931964365e-05,"Coverage_50_seq"
"1023",290,"Vi_i",1.05155417882708e-05,"Coverage_50_seq"
"1024",291,"Vi_i",9.98125089767145e-06,"Coverage_50_seq"
"1025",292,"Vi_i",9.47518467174986e-06,"Coverage_50_seq"
"1026",293,"Vi_i",8.99606751195983e-06,"Coverage_50_seq"
"1027",294,"Vi_i",8.54201037973591e-06,"Coverage_50_seq"
"1028",295,"Vi_i",8.11202333780143e-06,"Coverage_50_seq"
"1029",296,"Vi_i",7.70441859913871e-06,"Coverage_50_seq"
"1030",297,"Vi_i",7.31790195781474e-06,"Coverage_50_seq"
"1031",298,"Vi_i",6.95154378560662e-06,"Coverage_50_seq"
"1032",299,"Vi_i",6.60390857040043e-06,"Coverage_50_seq"
"1033",300,"Vi_i",6.2742046358128e-06,"Coverage_50_seq"
"1034",301,"Vi_i",5.96125317825559e-06,"Coverage_50_seq"
"1035",302,"Vi_i",5.66443149428856e-06,"Coverage_50_seq"
"1036",303,"Vi_i",5.38267378686745e-06,"Coverage_50_seq"
"1037",304,"Vi_i",5.11515351514801e-06,"Coverage_50_seq"
"1038",305,"Vi_i",4.86127455741862e-06,"Coverage_50_seq"
"1039",306,"Vi_i",4.62011116694837e-06,"Coverage_50_seq"
"1040",307,"Vi_i",4.39110117198844e-06,"Coverage_50_seq"
"1041",308,"Vi_i",4.17360864065179e-06,"Coverage_50_seq"
"1042",309,"Vi_i",3.96703385748215e-06,"Coverage_50_seq"
"1043",310,"Vi_i",3.77081090315559e-06,"Coverage_50_seq"
"1044",311,"Vi_i",3.58440534658433e-06,"Coverage_50_seq"
"1045",312,"Vi_i",3.40731224231118e-06,"Coverage_50_seq"
"1046",313,"Vi_i",3.23905428301465e-06,"Coverage_50_seq"
"1047",314,"Vi_i",3.07918009146507e-06,"Coverage_50_seq"
"1048",315,"Vi_i",2.92726263942549e-06,"Coverage_50_seq"
"1049",316,"Vi_i",2.78289778200384e-06,"Coverage_50_seq"
"1050",317,"Vi_i",2.64570289716027e-06,"Coverage_50_seq"
"1051",318,"Vi_i",2.51531562114442e-06,"Coverage_50_seq"
"1052",319,"Vi_i",2.39139267158622e-06,"Coverage_50_seq"
"1053",320,"Vi_i",2.27360875080517e-06,"Coverage_50_seq"
"1054",321,"Vi_i",2.16165552265039e-06,"Coverage_50_seq"
"1055",322,"Vi_i",2.0552406568478e-06,"Coverage_50_seq"
"1056",323,"Vi_i",1.95408693542153e-06,"Coverage_50_seq"
"1057",324,"Vi_i",1.85793141628199e-06,"Coverage_50_seq"
"1058",325,"Vi_i",1.76652464954167e-06,"Coverage_50_seq"
"1059",326,"Vi_i",1.67962994253713e-06,"Coverage_50_seq"
"1060",327,"Vi_i",1.59702266990838e-06,"Coverage_50_seq"
"1061",328,"Vi_i",1.51848962542013e-06,"Coverage_50_seq"
"1062",329,"Vi_i",1.443828412507e-06,"Coverage_50_seq"
"1063",330,"Vi_i",1.37284687079188e-06,"Coverage_50_seq"
"1064",331,"Vi_i",1.30536253606563e-06,"Coverage_50_seq"
"1065",332,"Vi_i",1.24120213143122e-06,"Coverage_50_seq"
"1066",333,"Vi_i",1.1802010875083e-06,"Coverage_50_seq"
"1067",334,"Vi_i",1.12220308976819e-06,"Coverage_50_seq"
"1068",335,"Vi_i",1.0670596512254e-06,"Coverage_50_seq"
"1069",336,"Vi_i",1.01462970885385e-06,"Coverage_50_seq"
"1070",337,"Vi_i",9.64779242222876e-07,"Coverage_50_seq"
"1071",338,"Vi_i",9.17380912964642e-07,"Coverage_50_seq"
"1072",339,"Vi_i",8.72313723788648e-07,"Coverage_50_seq"
"1073",340,"Vi_i",8.29462695854833e-07,"Coverage_50_seq"
"1074",341,"Vi_i",7.8871856340304e-07,"Coverage_50_seq"
"1075",342,"Vi_i",7.49977484615602e-07,"Coverage_50_seq"
"1076",343,"Vi_i",7.13140767761783e-07,"Coverage_50_seq"
"1077",344,"Vi_i",6.78114611738527e-07,"Coverage_50_seq"
"1078",345,"Vi_i",6.44809860182206e-07,"Coverage_50_seq"
"1079",346,"Vi_i",6.13141768381221e-07,"Coverage_50_seq"
"1080",347,"Vi_i",5.83029782269981e-07,"Coverage_50_seq"
"1081",348,"Vi_i",5.54397328831393e-07,"Coverage_50_seq"
"1082",349,"Vi_i",5.27171617277903e-07,"Coverage_50_seq"
"1083",350,"Vi_i",5.01283450420748e-07,"Coverage_50_seq"
"1084",351,"Vi_i",4.76667045673644e-07,"Coverage_50_seq"
"1085",352,"Vi_i",4.53259865170984e-07,"Coverage_50_seq"
"1086",353,"Vi_i",4.31002454512009e-07,"Coverage_50_seq"
"1087",354,"Vi_i",4.09838289671473e-07,"Coverage_50_seq"
"1088",355,"Vi_i",3.89713631644424e-07,"Coverage_50_seq"
"1089",356,"Vi_i",3.7057738841782e-07,"Coverage_50_seq"
"1090",357,"Vi_i",3.52380983885183e-07,"Coverage_50_seq"
"1091",358,"Vi_i",3.35078233342331e-07,"Coverage_50_seq"
"1092",359,"Vi_i",3.18625225222641e-07,"Coverage_50_seq"
"1093",360,"Vi_i",3.02980208749385e-07,"Coverage_50_seq"
"1094",361,"Vi_i",2.88103487200526e-07,"Coverage_50_seq"
"1095",362,"Vi_i",2.73957316498113e-07,"Coverage_50_seq"
"1096",363,"Vi_i",2.60505808850061e-07,"Coverage_50_seq"
"1097",364,"Vi_i",2.47714841186868e-07,"Coverage_50_seq"
"1098",365,"Vi_i",2.35551968149622e-07,"Coverage_50_seq"
"1099",0,"R_i",0.0243333333333333,"Coverage_50_seq"
"1100",1,"R_i",0.0245324984327859,"Coverage_50_seq"
"1101",2,"R_i",0.0247243260420682,"Coverage_50_seq"
"1102",3,"R_i",0.0249088076076588,"Coverage_50_seq"
"1103",4,"R_i",0.0250859400464123,"Coverage_50_seq"
"1104",5,"R_i",0.0252557243470659,"Coverage_50_seq"
"1105",6,"R_i",0.0254181685087113,"Coverage_50_seq"
"1106",7,"R_i",0.025573285155126,"Coverage_50_seq"
"1107",8,"R_i",0.0257210918233069,"Coverage_50_seq"
"1108",9,"R_i",0.0258616108834836,"Coverage_50_seq"
"1109",10,"R_i",0.0259948693725615,"Coverage_50_seq"
"1110",11,"R_i",0.0261208988503406,"Coverage_50_seq"
"1111",12,"R_i",0.0262397349836489,"Coverage_50_seq"
"1112",13,"R_i",0.026351418279381,"Coverage_50_seq"
"1113",14,"R_i",0.0264559929331513,"Coverage_50_seq"
"1114",15,"R_i",0.026553507059587,"Coverage_50_seq"
"1115",16,"R_i",0.0266440125693137,"Coverage_50_seq"
"1116",17,"R_i",0.0267275650690717,"Coverage_50_seq"
"1117",18,"R_i",0.0268042234624688,"Coverage_50_seq"
"1118",19,"R_i",0.0268740499441702,"Coverage_50_seq"
"1119",20,"R_i",0.0269371098914291,"Coverage_50_seq"
"1120",21,"R_i",0.0269934714712321,"Coverage_50_seq"
"1121",22,"R_i",0.0270432060841095,"Coverage_50_seq"
"1122",23,"R_i",0.0270863875200843,"Coverage_50_seq"
"1123",24,"R_i",0.0271230920714208,"Coverage_50_seq"
"1124",25,"R_i",0.027153398400958,"Coverage_50_seq"
"1125",26,"R_i",0.0271773873625077,"Coverage_50_seq"
"1126",27,"R_i",0.027195141851248,"Coverage_50_seq"
"1127",28,"R_i",0.02720674665462,"Coverage_50_seq"
"1128",29,"R_i",0.0272122883053217,"Coverage_50_seq"
"1129",30,"R_i",0.0272118549369175,"Coverage_50_seq"
"1130",31,"R_i",0.0272055361465996,"Coverage_50_seq"
"1131",32,"R_i",0.0271934228430663,"Coverage_50_seq"
"1132",33,"R_i",0.027175607120896,"Coverage_50_seq"
"1133",34,"R_i",0.0271521821294318,"Coverage_50_seq"
"1134",35,"R_i",0.0271232419381801,"Coverage_50_seq"
"1135",36,"R_i",0.0270888814116042,"Coverage_50_seq"
"1136",37,"R_i",0.0270491960855428,"Coverage_50_seq"
"1137",38,"R_i",0.0270042820482219,"Coverage_50_seq"
"1138",39,"R_i",0.026954235828073,"Coverage_50_seq"
"1139",40,"R_i",0.0268991542765956,"Coverage_50_seq"
"1140",41,"R_i",0.0268391344615641,"Coverage_50_seq"
"1141",42,"R_i",0.0267742735617687,"Coverage_50_seq"
"1142",43,"R_i",0.0267046687633327,"Coverage_50_seq"
"1143",44,"R_i",0.0266304171683611,"Coverage_50_seq"
"1144",45,"R_i",0.0265516157033424,"Coverage_50_seq"
"1145",46,"R_i",0.0264683610255325,"Coverage_50_seq"
"1146",47,"R_i",0.0263807494378539,"Coverage_50_seq"
"1147",48,"R_i",0.026288876807252,"Coverage_50_seq"
"1148",49,"R_i",0.0261928384866858,"Coverage_50_seq"
"1149",50,"R_i",0.0260927292408928,"Coverage_50_seq"
"1150",51,"R_i",0.0259886431758702,"Coverage_50_seq"
"1151",52,"R_i",0.0258806736720273,"Coverage_50_seq"
"1152",53,"R_i",0.0257689133209639,"Coverage_50_seq"
"1153",54,"R_i",0.0256534538658193,"Coverage_50_seq"
"1154",55,"R_i",0.0255343861451354,"Coverage_50_seq"
"1155",56,"R_i",0.0254118000401693,"Coverage_50_seq"
"1156",57,"R_i",0.0252857844255912,"Coverage_50_seq"
"1157",58,"R_i",0.0251564271234948,"Coverage_50_seq"
"1158",59,"R_i",0.025023814860648,"Coverage_50_seq"
"1159",60,"R_i",0.0248880332289078,"Coverage_50_seq"
"1160",61,"R_i",0.0247491666487191,"Coverage_50_seq"
"1161",62,"R_i",0.024607298335617,"Coverage_50_seq"
"1162",63,"R_i",0.0244625102696498,"Coverage_50_seq"
"1163",64,"R_i",0.0243148831676375,"Coverage_50_seq"
"1164",65,"R_i",0.0241644964581802,"Coverage_50_seq"
"1165",66,"R_i",0.0240114283416908,"Coverage_50_seq"
"1166",67,"R_i",0.023855755506962,"Coverage_50_seq"
"1167",68,"R_i",0.023697553402627,"Coverage_50_seq"
"1168",69,"R_i",0.0235368961150693,"Coverage_50_seq"
"1169",70,"R_i",0.0233738563469423,"Coverage_50_seq"
"1170",71,"R_i",0.0232085053767863,"Coverage_50_seq"
"1171",72,"R_i",0.0230409131476933,"Coverage_50_seq"
"1172",73,"R_i",0.0228711482030624,"Coverage_50_seq"
"1173",74,"R_i",0.0226992776632186,"Coverage_50_seq"
"1174",75,"R_i",0.0225253673299661,"Coverage_50_seq"
"1175",76,"R_i",0.0223494814028052,"Coverage_50_seq"
"1176",77,"R_i",0.0221716827934884,"Coverage_50_seq"
"1177",78,"R_i",0.0219920330109567,"Coverage_50_seq"
"1178",79,"R_i",0.021810592155728,"Coverage_50_seq"
"1179",80,"R_i",0.0216274188975538,"Coverage_50_seq"
"1180",81,"R_i",0.0214425705789944,"Coverage_50_seq"
"1181",82,"R_i",0.0212561031653274,"Coverage_50_seq"
"1182",83,"R_i",0.0210680712349873,"Coverage_50_seq"
"1183",84,"R_i",0.0208785280943251,"Coverage_50_seq"
"1184",85,"R_i",0.0206875255161092,"Coverage_50_seq"
"1185",86,"R_i",0.0204951140569729,"Coverage_50_seq"
"1186",87,"R_i",0.0203013429559453,"Coverage_50_seq"
"1187",88,"R_i",0.0201062601393929,"Coverage_50_seq"
"1188",89,"R_i",0.0199099122120427,"Coverage_50_seq"
"1189",90,"R_i",0.0197123465540762,"Coverage_50_seq"
"1190",91,"R_i",0.0197356582753484,"Coverage_50_seq"
"1191",92,"R_i",0.0197648336137715,"Coverage_50_seq"
"1192",93,"R_i",0.0197996121999284,"Coverage_50_seq"
"1193",94,"R_i",0.0198401617446142,"Coverage_50_seq"
"1194",95,"R_i",0.0198867548596054,"Coverage_50_seq"
"1195",96,"R_i",0.0199397556934273,"Coverage_50_seq"
"1196",97,"R_i",0.0199996156529084,"Coverage_50_seq"
"1197",98,"R_i",0.0200668742366805,"Coverage_50_seq"
"1198",99,"R_i",0.0201421604515672,"Coverage_50_seq"
"1199",100,"R_i",0.0202261816867033,"Coverage_50_seq"
"1200",101,"R_i",0.0203197451130352,"Coverage_50_seq"
"1201",102,"R_i",0.0204237541388883,"Coverage_50_seq"
"1202",103,"R_i",0.0205392051694332,"Coverage_50_seq"
"1203",104,"R_i",0.020667197097607,"Coverage_50_seq"
"1204",105,"R_i",0.0208089377552536,"Coverage_50_seq"
"1205",106,"R_i",0.020965748392823,"Coverage_50_seq"
"1206",107,"R_i",0.0211390697217679,"Coverage_50_seq"
"1207",108,"R_i",0.0213304679085611,"Coverage_50_seq"
"1208",109,"R_i",0.0215416404285012,"Coverage_50_seq"
"1209",110,"R_i",0.0217744216547915,"Coverage_50_seq"
"1210",111,"R_i",0.0220307879134599,"Coverage_50_seq"
"1211",112,"R_i",0.0223128617467061,"Coverage_50_seq"
"1212",113,"R_i",0.0226229150862389,"Coverage_50_seq"
"1213",114,"R_i",0.0229633668771467,"Coverage_50_seq"
"1214",115,"R_i",0.0233368036560032,"Coverage_50_seq"
"1215",116,"R_i",0.0237459398288084,"Coverage_50_seq"
"1216",117,"R_i",0.0241936437037494,"Coverage_50_seq"
"1217",118,"R_i",0.0246829151454545,"Coverage_50_seq"
"1218",119,"R_i",0.0252168796826598,"Coverage_50_seq"
"1219",120,"R_i",0.0257987703494326,"Coverage_50_seq"
"1220",121,"R_i",0.0264319068662638,"Coverage_50_seq"
"1221",122,"R_i",0.0271196696174757,"Coverage_50_seq"
"1222",123,"R_i",0.0278654680257643,"Coverage_50_seq"
"1223",124,"R_i",0.0286727030288187,"Coverage_50_seq"
"1224",125,"R_i",0.0295447235010645,"Coverage_50_seq"
"1225",126,"R_i",0.0304847717156615,"Coverage_50_seq"
"1226",127,"R_i",0.0314959529338211,"Coverage_50_seq"
"1227",128,"R_i",0.0325811401767129,"Coverage_50_seq"
"1228",129,"R_i",0.0337429173120377,"Coverage_50_seq"
"1229",130,"R_i",0.0349835238667648,"Coverage_50_seq"
"1230",131,"R_i",0.0363047805755402,"Coverage_50_seq"
"1231",132,"R_i",0.0377080163371409,"Coverage_50_seq"
"1232",133,"R_i",0.0391940027999926,"Coverage_50_seq"
"1233",134,"R_i",0.040762891871729,"Coverage_50_seq"
"1234",135,"R_i",0.0424141606255629,"Coverage_50_seq"
"1235",136,"R_i",0.0441465660444928,"Coverage_50_seq"
"1236",137,"R_i",0.045958112060775,"Coverage_50_seq"
"1237",138,"R_i",0.0478460310089278,"Coverage_50_seq"
"1238",139,"R_i",0.0498067812142945,"Coverage_50_seq"
"1239",140,"R_i",0.0518360618730379,"Coverage_50_seq"
"1240",141,"R_i",0.0539288457017629,"Coverage_50_seq"
"1241",142,"R_i",0.0560794290941164,"Coverage_50_seq"
"1242",143,"R_i",0.058281498757009,"Coverage_50_seq"
"1243",144,"R_i",0.0605282130665001,"Coverage_50_seq"
"1244",145,"R_i",0.0628122957349869,"Coverage_50_seq"
"1245",146,"R_i",0.0651261383170891,"Coverage_50_seq"
"1246",147,"R_i",0.0674619120365187,"Coverage_50_seq"
"1247",148,"R_i",0.069811670696345,"Coverage_50_seq"
"1248",149,"R_i",0.0721674773311938,"Coverage_50_seq"
"1249",150,"R_i",0.0745215005517783,"Coverage_50_seq"
"1250",151,"R_i",0.0768661137369357,"Coverage_50_seq"
"1251",152,"R_i",0.0791939893289377,"Coverage_50_seq"
"1252",153,"R_i",0.0814981776773941,"Coverage_50_seq"
"1253",154,"R_i",0.0837721739933922,"Coverage_50_seq"
"1254",155,"R_i",0.0860099722043887,"Coverage_50_seq"
"1255",156,"R_i",0.0882061054170158,"Coverage_50_seq"
"1256",157,"R_i",0.0903556733025384,"Coverage_50_seq"
"1257",158,"R_i",0.0924543571009886,"Coverage_50_seq"
"1258",159,"R_i",0.0944984232676078,"Coverage_50_seq"
"1259",160,"R_i",0.0964847170090593,"Coverage_50_seq"
"1260",161,"R_i",0.0984106470908184,"Coverage_50_seq"
"1261",162,"R_i",0.100274163362405,"Coverage_50_seq"
"1262",163,"R_i",0.102073728442116,"Coverage_50_seq"
"1263",164,"R_i",0.103808284946508,"Coverage_50_seq"
"1264",165,"R_i",0.105477219553904,"Coverage_50_seq"
"1265",166,"R_i",0.107080325067435,"Coverage_50_seq"
"1266",167,"R_i",0.108617761503079,"Coverage_50_seq"
"1267",168,"R_i",0.110090017080804,"Coverage_50_seq"
"1268",169,"R_i",0.111497869849871,"Coverage_50_seq"
"1269",170,"R_i",0.112842350367284,"Coverage_50_seq"
"1270",171,"R_i",0.114124707082685,"Coverage_50_seq"
"1271",172,"R_i",0.115346370994955,"Coverage_50_seq"
"1272",173,"R_i",0.11650892626989,"Coverage_50_seq"
"1273",174,"R_i",0.117614081552534,"Coverage_50_seq"
"1274",175,"R_i",0.118663642456637,"Coverage_50_seq"
"1275",176,"R_i",0.119659488203236,"Coverage_50_seq"
"1276",177,"R_i",0.120603550294645,"Coverage_50_seq"
"1277",178,"R_i",0.121497793475705,"Coverage_50_seq"
"1278",179,"R_i",0.122344198956751,"Coverage_50_seq"
"1279",180,"R_i",0.12314471346518,"Coverage_50_seq"
"1280",181,"R_i",0.12390169397588,"Coverage_50_seq"
"1281",182,"R_i",0.124618566039766,"Coverage_50_seq"
"1282",183,"R_i",0.125298674675279,"Coverage_50_seq"
"1283",184,"R_i",0.125944947752332,"Coverage_50_seq"
"1284",185,"R_i",0.126559980991365,"Coverage_50_seq"
"1285",186,"R_i",0.127146034991058,"Coverage_50_seq"
"1286",187,"R_i",0.127705112859796,"Coverage_50_seq"
"1287",188,"R_i",0.128238999329043,"Coverage_50_seq"
"1288",189,"R_i",0.128749275256463,"Coverage_50_seq"
"1289",190,"R_i",0.129237348625379,"Coverage_50_seq"
"1290",191,"R_i",0.12970447886177,"Coverage_50_seq"
"1291",192,"R_i",0.130151796871981,"Coverage_50_seq"
"1292",193,"R_i",0.130580322793747,"Coverage_50_seq"
"1293",194,"R_i",0.130990981275494,"Coverage_50_seq"
"1294",195,"R_i",0.131384614649541,"Coverage_50_seq"
"1295",196,"R_i",0.131761994275304,"Coverage_50_seq"
"1296",197,"R_i",0.132123830276279,"Coverage_50_seq"
"1297",198,"R_i",0.132470779879106,"Coverage_50_seq"
"1298",199,"R_i",0.132803454537456,"Coverage_50_seq"
"1299",200,"R_i",0.133122426002085,"Coverage_50_seq"
"1300",201,"R_i",0.133428231479382,"Coverage_50_seq"
"1301",202,"R_i",0.133721378003552,"Coverage_50_seq"
"1302",203,"R_i",0.134002346132293,"Coverage_50_seq"
"1303",204,"R_i",0.134271593062142,"Coverage_50_seq"
"1304",205,"R_i",0.134529555247524,"Coverage_50_seq"
"1305",206,"R_i",0.134776650596744,"Coverage_50_seq"
"1306",207,"R_i",0.135013280308586,"Coverage_50_seq"
"1307",208,"R_i",0.135239830404729,"Coverage_50_seq"
"1308",209,"R_i",0.135456673005724,"Coverage_50_seq"
"1309",210,"R_i",0.135664167391708,"Coverage_50_seq"
"1310",211,"R_i",0.135862660883243,"Coverage_50_seq"
"1311",212,"R_i",0.136052489572639,"Coverage_50_seq"
"1312",213,"R_i",0.13623397893167,"Coverage_50_seq"
"1313",214,"R_i",0.136407444322964,"Coverage_50_seq"
"1314",215,"R_i",0.136573191230156,"Coverage_50_seq"
"1315",216,"R_i",0.136731516001366,"Coverage_50_seq"
"1316",217,"R_i",0.136882706089534,"Coverage_50_seq"
"1317",218,"R_i",0.137027040042222,"Coverage_50_seq"
"1318",219,"R_i",0.137164787834121,"Coverage_50_seq"
"1319",220,"R_i",0.137296211100718,"Coverage_50_seq"
"1320",221,"R_i",0.137421563314821,"Coverage_50_seq"
"1321",222,"R_i",0.137541089949364,"Coverage_50_seq"
"1322",223,"R_i",0.137655028981515,"Coverage_50_seq"
"1323",224,"R_i",0.137763610094484,"Coverage_50_seq"
"1324",225,"R_i",0.137867055532182,"Coverage_50_seq"
"1325",226,"R_i",0.137965580373279,"Coverage_50_seq"
"1326",227,"R_i",0.138059392383098,"Coverage_50_seq"
"1327",228,"R_i",0.138148692054004,"Coverage_50_seq"
"1328",229,"R_i",0.138233673054702,"Coverage_50_seq"
"1329",230,"R_i",0.138314522330637,"Coverage_50_seq"
"1330",231,"R_i",0.138391420055377,"Coverage_50_seq"
"1331",232,"R_i",0.13846454013217,"Coverage_50_seq"
"1332",233,"R_i",0.138534049580887,"Coverage_50_seq"
"1333",234,"R_i",0.138600109282693,"Coverage_50_seq"
"1334",235,"R_i",0.138662874235989,"Coverage_50_seq"
"1335",236,"R_i",0.13872249347911,"Coverage_50_seq"
"1336",237,"R_i",0.138779110275664,"Coverage_50_seq"
"1337",238,"R_i",0.138832862286007,"Coverage_50_seq"
"1338",239,"R_i",0.138883881723712,"Coverage_50_seq"
"1339",240,"R_i",0.138932295513124,"Coverage_50_seq"
"1340",241,"R_i",0.138978225446312,"Coverage_50_seq"
"1341",242,"R_i",0.139021788339289,"Coverage_50_seq"
"1342",243,"R_i",0.139063096187201,"Coverage_50_seq"
"1343",244,"R_i",0.139102256318167,"Coverage_50_seq"
"1344",245,"R_i",0.139139371545501,"Coverage_50_seq"
"1345",246,"R_i",0.139174540318033,"Coverage_50_seq"
"1346",247,"R_i",0.139207856865291,"Coverage_50_seq"
"1347",248,"R_i",0.139239411350347,"Coverage_50_seq"
"1348",249,"R_i",0.139269290011458,"Coverage_50_seq"
"1349",250,"R_i",0.139297575297144,"Coverage_50_seq"
"1350",251,"R_i",0.139324346006963,"Coverage_50_seq"
"1351",252,"R_i",0.13934967742728,"Coverage_50_seq"
"1352",253,"R_i",0.139373641463002,"Coverage_50_seq"
"1353",254,"R_i",0.13939630676645,"Coverage_50_seq"
"1354",255,"R_i",0.139417738859479,"Coverage_50_seq"
"1355",256,"R_i",0.139438000258241,"Coverage_50_seq"
"1356",257,"R_i",0.139457150593909,"Coverage_50_seq"
"1357",258,"R_i",0.139475246672317,"Coverage_50_seq"
"1358",259,"R_i",0.139492342696678,"Coverage_50_seq"
"1359",260,"R_i",0.139508490358116,"Coverage_50_seq"
"1360",261,"R_i",0.139523738865632,"Coverage_50_seq"
"1361",262,"R_i",0.13953813517525,"Coverage_50_seq"
"1362",263,"R_i",0.139551723815,"Coverage_50_seq"
"1363",264,"R_i",0.139564547198612,"Coverage_50_seq"
"1364",265,"R_i",0.139576645749705,"Coverage_50_seq"
"1365",266,"R_i",0.139588057907849,"Coverage_50_seq"
"1366",267,"R_i",0.13959882022453,"Coverage_50_seq"
"1367",268,"R_i",0.139608967450962,"Coverage_50_seq"
"1368",269,"R_i",0.139618532617627,"Coverage_50_seq"
"1369",270,"R_i",0.139627547079299,"Coverage_50_seq"
"1370",271,"R_i",0.13963604184145,"Coverage_50_seq"
"1371",272,"R_i",0.139644050688862,"Coverage_50_seq"
"1372",273,"R_i",0.139651606120686,"Coverage_50_seq"
"1373",274,"R_i",0.13965873927517,"Coverage_50_seq"
"1374",275,"R_i",0.139665473334421,"Coverage_50_seq"
"1375",276,"R_i",0.139671838769892,"Coverage_50_seq"
"1376",277,"R_i",0.139677851397644,"Coverage_50_seq"
"1377",278,"R_i",0.139683538055051,"Coverage_50_seq"
"1378",279,"R_i",0.139688919032604,"Coverage_50_seq"
"1379",280,"R_i",0.139694008829169,"Coverage_50_seq"
"1380",281,"R_i",0.139698829669612,"Coverage_50_seq"
"1381",282,"R_i",0.139703393685899,"Coverage_50_seq"
"1382",283,"R_i",0.139707718854102,"Coverage_50_seq"
"1383",284,"R_i",0.139711814598503,"Coverage_50_seq"
"1384",285,"R_i",0.139715696990113,"Coverage_50_seq"
"1385",286,"R_i",0.139719377514733,"Coverage_50_seq"
"1386",287,"R_i",0.139722867449272,"Coverage_50_seq"
"1387",288,"R_i",0.139726177358632,"Coverage_50_seq"
"1388",289,"R_i",0.139729317136893,"Coverage_50_seq"
"1389",290,"R_i",0.13973229671721,"Coverage_50_seq"
"1390",291,"R_i",0.139735122943978,"Coverage_50_seq"
"1391",292,"R_i",0.13973780641547,"Coverage_50_seq"
"1392",293,"R_i",0.139740353009358,"Coverage_50_seq"
"1393",294,"R_i",0.139742771496231,"Coverage_50_seq"
"1394",295,"R_i",0.139745066525391,"Coverage_50_seq"
"1395",296,"R_i",0.139747246067753,"Coverage_50_seq"
"1396",297,"R_i",0.139749316334662,"Coverage_50_seq"
"1397",298,"R_i",0.13975128181348,"Coverage_50_seq"
"1398",299,"R_i",0.139753149489179,"Coverage_50_seq"
"1399",300,"R_i",0.139754923256102,"Coverage_50_seq"
"1400",301,"R_i",0.139756608942461,"Coverage_50_seq"
"1401",302,"R_i",0.139758209650873,"Coverage_50_seq"
"1402",303,"R_i",0.139759730711313,"Coverage_50_seq"
"1403",304,"R_i",0.139761176301243,"Coverage_50_seq"
"1404",305,"R_i",0.139762549444829,"Coverage_50_seq"
"1405",306,"R_i",0.139763854862725,"Coverage_50_seq"
"1406",307,"R_i",0.139765095442638,"Coverage_50_seq"
"1407",308,"R_i",0.139766274459877,"Coverage_50_seq"
"1408",309,"R_i",0.139767395017204,"Coverage_50_seq"
"1409",310,"R_i",0.139768460054837,"Coverage_50_seq"
"1410",311,"R_i",0.139769472360101,"Coverage_50_seq"
"1411",312,"R_i",0.139770434575982,"Coverage_50_seq"
"1412",313,"R_i",0.139771349209116,"Coverage_50_seq"
"1413",314,"R_i",0.139772218637292,"Coverage_50_seq"
"1414",315,"R_i",0.139773045116479,"Coverage_50_seq"
"1415",316,"R_i",0.139773830787425,"Coverage_50_seq"
"1416",317,"R_i",0.139774577681857,"Coverage_50_seq"
"1417",318,"R_i",0.139775287728313,"Coverage_50_seq"
"1418",319,"R_i",0.139775962757626,"Coverage_50_seq"
"1419",320,"R_i",0.139776604508087,"Coverage_50_seq"
"1420",321,"R_i",0.139777214630317,"Coverage_50_seq"
"1421",322,"R_i",0.13977779469185,"Coverage_50_seq"
"1422",323,"R_i",0.139778346181465,"Coverage_50_seq"
"1423",324,"R_i",0.139778870513271,"Coverage_50_seq"
"1424",325,"R_i",0.139779369030563,"Coverage_50_seq"
"1425",326,"R_i",0.139779843009474,"Coverage_50_seq"
"1426",327,"R_i",0.139780293662412,"Coverage_50_seq"
"1427",328,"R_i",0.139780722141326,"Coverage_50_seq"
"1428",329,"R_i",0.139781129540787,"Coverage_50_seq"
"1429",330,"R_i",0.139781516900902,"Coverage_50_seq"
"1430",331,"R_i",0.139781885210083,"Coverage_50_seq"
"1431",332,"R_i",0.139782235407654,"Coverage_50_seq"
"1432",333,"R_i",0.139782568386337,"Coverage_50_seq"
"1433",334,"R_i",0.139782884994594,"Coverage_50_seq"
"1434",335,"R_i",0.139783186038857,"Coverage_50_seq"
"1435",336,"R_i",0.139783472285633,"Coverage_50_seq"
"1436",337,"R_i",0.139783744463506,"Coverage_50_seq"
"1437",338,"R_i",0.139784003265039,"Coverage_50_seq"
"1438",339,"R_i",0.139784249348564,"Coverage_50_seq"
"1439",340,"R_i",0.139784483339901,"Coverage_50_seq"
"1440",341,"R_i",0.139784705833969,"Coverage_50_seq"
"1441",342,"R_i",0.139784917396329,"Coverage_50_seq"
"1442",343,"R_i",0.139785118564644,"Coverage_50_seq"
"1443",344,"R_i",0.139785309850061,"Coverage_50_seq"
"1444",345,"R_i",0.139785491738532,"Coverage_50_seq"
"1445",346,"R_i",0.13978566469206,"Coverage_50_seq"
"1446",347,"R_i",0.139785829149888,"Coverage_50_seq"
"1447",348,"R_i",0.139785985529623,"Coverage_50_seq"
"1448",349,"R_i",0.13978613422831,"Coverage_50_seq"
"1449",350,"R_i",0.139786275623447,"Coverage_50_seq"
"1450",351,"R_i",0.139786410073953,"Coverage_50_seq"
"1451",352,"R_i",0.139786537921082,"Coverage_50_seq"
"1452",353,"R_i",0.1397866594893,"Coverage_50_seq"
"1453",354,"R_i",0.139786775087111,"Coverage_50_seq"
"1454",355,"R_i",0.139786885007845,"Coverage_50_seq"
"1455",356,"R_i",0.139786989530404,"Coverage_50_seq"
"1456",357,"R_i",0.139787088919979,"Coverage_50_seq"
"1457",358,"R_i",0.139787183428721,"Coverage_50_seq"
"1458",359,"R_i",0.139787273296384,"Coverage_50_seq"
"1459",360,"R_i",0.139787358750939,"Coverage_50_seq"
"1460",361,"R_i",0.139787440009148,"Coverage_50_seq"
"1461",362,"R_i",0.139787517277123,"Coverage_50_seq"
"1462",363,"R_i",0.139787590750845,"Coverage_50_seq"
"1463",364,"R_i",0.139787660616666,"Coverage_50_seq"
"1464",365,"R_i",0.139787727051779,"Coverage_50_seq"
